-- phpMyAdmin SQL Dump
-- version 3.4.10.1deb1
-- http://www.phpmyadmin.net
--
-- Host: localhost
-- Generation Time: Nov 01, 2014 at 06:29 PM
-- Server version: 5.5.32
-- PHP Version: 5.3.10-1ubuntu3.8

SET SQL_MODE="NO_AUTO_VALUE_ON_ZERO";
SET time_zone = "+00:00";


/*!40101 SET @OLD_CHARACTER_SET_CLIENT=@@CHARACTER_SET_CLIENT */;
/*!40101 SET @OLD_CHARACTER_SET_RESULTS=@@CHARACTER_SET_RESULTS */;
/*!40101 SET @OLD_COLLATION_CONNECTION=@@COLLATION_CONNECTION */;
/*!40101 SET NAMES utf8 */;

--
-- Database: `patricio`
--

-- --------------------------------------------------------

--
-- Table structure for table `about_content`
--

CREATE TABLE IF NOT EXISTS `about_content` (
  `id` varchar(50) NOT NULL COMMENT '{"type": "@uid", "breadcrumbs":{"tablename":"About", "submenu":"About Page"}}',
  `main_image` varchar(50) DEFAULT NULL COMMENT '{"rows":1, "type":"recipeImg1", "label":"About Image", "dimensions": "806,834", "allowEmpty":false}',
  `title` varchar(25) NOT NULL COMMENT '{"rows":1,"label": "Section Title"}',
  `sub_title` varchar(30) NOT NULL COMMENT '{"label": "Section Subtitle"}',
  `long_description` varchar(3000) NOT NULL COMMENT '{"type": "@redactor", "label": "Section Long Description",}',
  `tab1_label` varchar(20) NOT NULL COMMENT '{"rows":1,"label": "Tab1 Label"}',
  `tab2_label` varchar(20) NOT NULL COMMENT '{"rows":1,"label": "Tab2 Label"}',
  `tab2_link` varchar(255) DEFAULT NULL COMMENT '{"type": "@url", "label":"Tab2 Link"}',
  `tab3_label` varchar(20) NOT NULL COMMENT '{"rows":1,"label": "Tab3 Text"}',
  `tab3_link` varchar(255) DEFAULT NULL COMMENT '{"type": "@url", "label":"Tab3 Link"}',
  PRIMARY KEY (`id`)
) ENGINE=InnoDB DEFAULT CHARSET=latin1;

--
-- Dumping data for table `about_content`
--

INSERT INTO `about_content` (`id`, `main_image`, `title`, `sub_title`, `long_description`, `tab1_label`, `tab2_label`, `tab2_link`, `tab3_label`, `tab3_link`) VALUES
('97097a28-989a-a4d4-b5bc-076bfb8c0e69', 'About Image', 'Patricio Rodriguez', 'About', '<p>Lorem Ipsum is simply dummy text of the printing and \r\ntypesetting industry. Lorem Ipsum has been the industry''s standard dummy\r\n text ever since the 1500s, when an unknown printer took a galley of \r\ntype and scrambled it to make a type specimen book. It has survived not \r\nonly five centuries, but also the leap into electronic typesetting, \r\nremaining essentially unchanged. It was popularised in the 1960s with \r\nthe release of Letraset sheets containing Lorem Ipsum passages, and more\r\n recently with desktop publishing software like Aldus PageMaker \r\nincluding versions of Lorem Ipsum.</p><p>Lorem Ipsum is simply dummy text of the printing and \r\ntypesetting industry. Lorem Ipsum has been the industry''s standard dummy\r\n text ever since the 1500s, when an unknown.</p>', 'View Resume', 'Exhibitions', 'http://patricio.com.dev/exhibitions', 'Artwork', 'http://patricio.com.dev/artwork');

-- --------------------------------------------------------

--
-- Table structure for table `artwork_bottom_filter`
--

CREATE TABLE IF NOT EXISTS `artwork_bottom_filter` (
  `id` varchar(50) NOT NULL COMMENT '{"rows":1, "type":"@uid", "breadcrumbs":{"tablename":"Artwork", "submenu":"Artwork Bottom Filters"}}',
  `tab1_text` varchar(35) NOT NULL COMMENT '{"label": "Tab1 Text"}',
  `tab2_text` varchar(35) NOT NULL COMMENT '{"label": "Tab2 Text"}',
  `tab3_text` varchar(35) NOT NULL COMMENT '{"label": "Tab3 Text"}',
  PRIMARY KEY (`id`)
) ENGINE=InnoDB DEFAULT CHARSET=latin1;

--
-- Dumping data for table `artwork_bottom_filter`
--

INSERT INTO `artwork_bottom_filter` (`id`, `tab1_text`, `tab2_text`, `tab3_text`) VALUES
('c9612e46-cc83-9ea4-b1d6-dcbd0c4ee94b', 'Mexico', 'US', 'Cuba');

-- --------------------------------------------------------

--
-- Table structure for table `artwork_gallery`
--

CREATE TABLE IF NOT EXISTS `artwork_gallery` (
  `id` varchar(50) NOT NULL COMMENT '{"type":"@uid", "breadcrumbs":{"tablename":"Artwork", "submenu":"Artwork Gallery"}}',
  `listing_image` varchar(50) DEFAULT NULL COMMENT '{"type":"recipeImg1", "label":"Artwork Listing Image", "dimensions": "561,274", "allowEmpty":false}',
  `zoom_image` varchar(50) DEFAULT NULL COMMENT '{"type":"recipeImg2", "label":"Artwork Zoom Image", "dimensions": "561,274", "allowEmpty":false}',
  `show_order` int(11) NOT NULL COMMENT 'array(t(''High''),t(''Medium''),t(''Low''))',
  `title` varchar(20) NOT NULL COMMENT '{"label": "Title"}',
  `short_description` varchar(25) NOT NULL COMMENT '{"label": "Short description"}',
  `short_description2` varchar(25) NOT NULL COMMENT '{"label": "Short description 2"}',
  `dimension_text` varchar(40) NOT NULL COMMENT '{"label": "Dimension description text"}',
  `author_name` varchar(70) NOT NULL COMMENT '{"label": "Author name"}',
  `long_description` text NOT NULL COMMENT '{"type": "@redactor", "label": "Long Description"}',
  `popup_button_label` varchar(20) NOT NULL COMMENT '{"label": "Popup Button Label"}',
  `popup_button_link` varchar(255) DEFAULT NULL COMMENT '{"type": "@url", "label":"Popup Button Link"}',
  `country` int(11) NOT NULL COMMENT 'array(t(''MEXICO''),t(''UNITED STATES''),t(''CUBA''))',
  `art_technique` int(11) NOT NULL COMMENT 'array(t(''HAND PAPER CUT''),t(''WOOD DRAFT''),t(''MIX TECHNIQUE''))',
  PRIMARY KEY (`id`)
) ENGINE=InnoDB DEFAULT CHARSET=latin1;

--
-- Dumping data for table `artwork_gallery`
--

INSERT INTO `artwork_gallery` (`id`, `listing_image`, `zoom_image`, `show_order`, `title`, `short_description`, `short_description2`, `dimension_text`, `author_name`, `long_description`, `popup_button_label`, `popup_button_link`, `country`, `art_technique`) VALUES
('24630bb4-b67b-3b14-61c1-bfd89a7f9843', 'img1', 'img1', 0, 'img1', 'img1 title', 'img1 title', 'dimension', 'Patricio Rodriguez', '<p>Simply dummy text of the printing and typesetting industry. Lorem \r\nIpsum has been the industry''s standard dummy text ever since the 1500s, \r\nwhen an unknown printer took a galley of type and scrambled it to make a\r\n type specimen book. It has survived not only five centuries, but also \r\nthe leap into electronic typesetting, remaining essentially unchanged. \r\nIt was popularised in the 1960s with the release of Letraset sheets \r\ncontaining Lorem Ipsum passages, and more recently with desktop \r\npublishing software like Aldus PageMaker including versions of Lorem \r\nIpsum.</p><p>Lorem Ipsum is simply dummy text of the printing and typesetting industry. Lorem Ipsum has been the industry''s standard</p>', 'Purchase', 'http://google.com', 0, 0),
('ae3d5d7c-bd18-4114-6187-716354fcc480', 'img3', 'img3', 1, 'Patricio Rodriguez', 'Art Work', 'Art Work', 'dimension', 'Patricio Rodriguez', '<p>Simply dummy text of the printing and typesetting industry. Lorem \r\nIpsum has been the industry''s standard dummy text ever since the 1500s, \r\nwhen an unknown printer took a galley of type and scrambled it to make a\r\n type specimen book. It has survived not only five centuries, but also \r\nthe leap into electronic typesetting, remaining essentially unchanged. \r\nIt was popularised in the 1960s with the release of Letraset sheets \r\ncontaining Lorem Ipsum passages, and more recently with desktop \r\npublishing software like Aldus PageMaker including versions of Lorem \r\nIpsum.</p><p>Lorem Ipsum is simply dummy text of the printing and typesetting industry. Lorem Ipsum has been the industry''s standard</p>', 'Purchase', 'http://google.com', 2, 1),
('e334fbf1-b81e-27f4-99e0-9594cfe79d22', 'img2', 'img2', 0, 'img1', 'img1 title', 'img1 title', 'dimension', 'Patricio Rodriguez', '<p>Simply dummy text of the printing and typesetting industry. Lorem \r\nIpsum has been the industry''s standard dummy text ever since the 1500s, \r\nwhen an unknown printer took a galley of type and scrambled it to make a\r\n type specimen book. It has survived not only five centuries, but also \r\nthe leap into electronic typesetting, remaining essentially unchanged. \r\nIt was popularised in the 1960s with the release of Letraset sheets \r\ncontaining Lorem Ipsum passages, and more recently with desktop \r\npublishing software like Aldus PageMaker including versions of Lorem \r\nIpsum.</p><p>Lorem Ipsum is simply dummy text of the printing and typesetting industry. Lorem Ipsum has been the industry''s standard</p>', 'Purchase', 'http://google.com', 1, 1),
('e334fbf1-b81e-27f4-99e0-9594cfe79d23', 'img2', 'img2', 0, 'img1', 'img1 title', 'img1 title', 'dimension', 'Patricio Rodriguez', '<p>Simply dummy text of the printing and typesetting industry. Lorem \r\nIpsum has been the industry''s standard dummy text ever since the 1500s, \r\nwhen an unknown printer took a galley of type and scrambled it to make a\r\n type specimen book. It has survived not only five centuries, but also \r\nthe leap into electronic typesetting, remaining essentially unchanged. \r\nIt was popularised in the 1960s with the release of Letraset sheets \r\ncontaining Lorem Ipsum passages, and more recently with desktop \r\npublishing software like Aldus PageMaker including versions of Lorem \r\nIpsum.</p><p>Lorem Ipsum is simply dummy text of the printing and typesetting industry. Lorem Ipsum has been the industry''s standard</p>', 'Purchase', 'http://google.com', 1, 1),
('e334fbf1-b81e-27f4-99e0-9594cfe79d24', 'img2', 'img2', 0, 'img1', 'img1 title', 'img1 title', 'dimension', 'Patricio Rodriguez', '<p>Simply dummy text of the printing and typesetting industry. Lorem \r\nIpsum has been the industry''s standard dummy text ever since the 1500s, \r\nwhen an unknown printer took a galley of type and scrambled it to make a\r\n type specimen book. It has survived not only five centuries, but also \r\nthe leap into electronic typesetting, remaining essentially unchanged. \r\nIt was popularised in the 1960s with the release of Letraset sheets \r\ncontaining Lorem Ipsum passages, and more recently with desktop \r\npublishing software like Aldus PageMaker including versions of Lorem \r\nIpsum.</p><p>Lorem Ipsum is simply dummy text of the printing and typesetting industry. Lorem Ipsum has been the industry''s standard</p>', 'Purchase', 'http://google.com', 1, 1),
('e334fbf1-b81e-27f4-99e0-9594cfe79d25', 'img2', 'img2', 0, 'img1', 'img1 title', 'img1 title', 'dimension', 'Patricio Rodriguez', '<p>Simply dummy text of the printing and typesetting industry. Lorem \r\nIpsum has been the industry''s standard dummy text ever since the 1500s, \r\nwhen an unknown printer took a galley of type and scrambled it to make a\r\n type specimen book. It has survived not only five centuries, but also \r\nthe leap into electronic typesetting, remaining essentially unchanged. \r\nIt was popularised in the 1960s with the release of Letraset sheets \r\ncontaining Lorem Ipsum passages, and more recently with desktop \r\npublishing software like Aldus PageMaker including versions of Lorem \r\nIpsum.</p><p>Lorem Ipsum is simply dummy text of the printing and typesetting industry. Lorem Ipsum has been the industry''s standard</p>', 'Purchase', 'http://google.com', 1, 1),
('e334fbf1-b81e-27f4-99e0-9594cfe79d26', 'img2', 'img2', 0, 'img1', 'img1 title', 'img1 title', 'dimension', 'Patricio Rodriguez', '<p>Simply dummy text of the printing and typesetting industry. Lorem \r\nIpsum has been the industry''s standard dummy text ever since the 1500s, \r\nwhen an unknown printer took a galley of type and scrambled it to make a\r\n type specimen book. It has survived not only five centuries, but also \r\nthe leap into electronic typesetting, remaining essentially unchanged. \r\nIt was popularised in the 1960s with the release of Letraset sheets \r\ncontaining Lorem Ipsum passages, and more recently with desktop \r\npublishing software like Aldus PageMaker including versions of Lorem \r\nIpsum.</p><p>Lorem Ipsum is simply dummy text of the printing and typesetting industry. Lorem Ipsum has been the industry''s standard</p>', 'Purchase', 'http://google.com', 1, 1),
('e334fbf1-b81e-27f4-99e0-9594cfe79d27', 'img2', 'img2', 0, 'img1', 'img1 title', 'img1 title', 'dimension', 'Patricio Rodriguez', '<p>Simply dummy text of the printing and typesetting industry. Lorem \r\nIpsum has been the industry''s standard dummy text ever since the 1500s, \r\nwhen an unknown printer took a galley of type and scrambled it to make a\r\n type specimen book. It has survived not only five centuries, but also \r\nthe leap into electronic typesetting, remaining essentially unchanged. \r\nIt was popularised in the 1960s with the release of Letraset sheets \r\ncontaining Lorem Ipsum passages, and more recently with desktop \r\npublishing software like Aldus PageMaker including versions of Lorem \r\nIpsum.</p><p>Lorem Ipsum is simply dummy text of the printing and typesetting industry. Lorem Ipsum has been the industry''s standard</p>', 'Purchase', 'http://google.com', 1, 1),
('e334fbf1-b81e-27f4-99e0-9594cfe79d2c', 'img2', 'img2', 0, 'img1', 'img1 title', 'img1 title', 'dimension', 'Patricio Rodriguez', '<p>Simply dummy text of the printing and typesetting industry. Lorem \r\nIpsum has been the industry''s standard dummy text ever since the 1500s, \r\nwhen an unknown printer took a galley of type and scrambled it to make a\r\n type specimen book. It has survived not only five centuries, but also \r\nthe leap into electronic typesetting, remaining essentially unchanged. \r\nIt was popularised in the 1960s with the release of Letraset sheets \r\ncontaining Lorem Ipsum passages, and more recently with desktop \r\npublishing software like Aldus PageMaker including versions of Lorem \r\nIpsum.</p><p>Lorem Ipsum is simply dummy text of the printing and typesetting industry. Lorem Ipsum has been the industry''s standard</p>', 'Purchase', 'http://google.com', 1, 1);

-- --------------------------------------------------------

--
-- Table structure for table `artwork_main`
--

CREATE TABLE IF NOT EXISTS `artwork_main` (
  `id` varchar(50) NOT NULL COMMENT '{"rows":1, "type":"@uid", "breadcrumbs":{"tablename":"Artwork", "submenu":"Artwork Main Section"}}',
  `title` varchar(35) NOT NULL COMMENT '{"label": "title"}',
  `sub_title` varchar(25) NOT NULL COMMENT '{"label": "Subtitle"}',
  PRIMARY KEY (`id`)
) ENGINE=InnoDB DEFAULT CHARSET=latin1;

--
-- Dumping data for table `artwork_main`
--

INSERT INTO `artwork_main` (`id`, `title`, `sub_title`) VALUES
('1fe63033-211e-b4e4-25bb-5a6946003d02', 'Patricio', 'Work Art');

-- --------------------------------------------------------

--
-- Table structure for table `artwork_top_filter`
--

CREATE TABLE IF NOT EXISTS `artwork_top_filter` (
  `id` varchar(50) NOT NULL COMMENT '{"rows":1, "type":"@uid", "breadcrumbs":{"tablename":"Artwork", "submenu":"Artwork Top Filters"}}',
  `tab1_text` varchar(35) NOT NULL COMMENT '{"label": "Tab1 Text"}',
  `tab2_text` varchar(35) NOT NULL COMMENT '{"label": "Tab2 Text"}',
  `tab3_text` varchar(35) NOT NULL COMMENT '{"label": "Tab3 Text"}',
  PRIMARY KEY (`id`)
) ENGINE=InnoDB DEFAULT CHARSET=latin1;

--
-- Dumping data for table `artwork_top_filter`
--

INSERT INTO `artwork_top_filter` (`id`, `tab1_text`, `tab2_text`, `tab3_text`) VALUES
('5458152e-59ad-ce44-9583-4d93c00da1ba', 'Filter 1', 'Filter 2', 'Filter 3');

-- --------------------------------------------------------

--
-- Table structure for table `authassignment`
--

CREATE TABLE IF NOT EXISTS `authassignment` (
  `itemname` varchar(64) NOT NULL,
  `userid` varchar(64) NOT NULL,
  `bizrule` text,
  `data` text,
  PRIMARY KEY (`itemname`,`userid`)
) ENGINE=InnoDB DEFAULT CHARSET=latin1;

--
-- Dumping data for table `authassignment`
--

INSERT INTO `authassignment` (`itemname`, `userid`, `bizrule`, `data`) VALUES
('Level-1', '14', NULL, 'N;'),
('Level-1', '28', NULL, 'N;'),
('Level-3', '39', NULL, 'N;'),
('register', '13', NULL, 'N;');

-- --------------------------------------------------------

--
-- Table structure for table `authitem`
--

CREATE TABLE IF NOT EXISTS `authitem` (
  `name` varchar(64) NOT NULL,
  `type` int(11) NOT NULL,
  `description` text,
  `bizrule` text,
  `data` text,
  PRIMARY KEY (`name`)
) ENGINE=InnoDB DEFAULT CHARSET=latin1;

--
-- Dumping data for table `authitem`
--

INSERT INTO `authitem` (`name`, `type`, `description`, `bizrule`, `data`) VALUES
('BannerSlide.*', 1, 'Banner Slide', NULL, 'N;'),
('BannerSlide.delete', 0, 'BannerSlides :: Eliminar', NULL, 'N;'),
('BannerSlide.list', 0, 'BannerSlides :: Listar', NULL, 'N;'),
('BannerSlide.toogle', 0, 'BannerSlides :: Habilitar / Desabilitar', NULL, 'N;'),
('BannerSlide.update', 0, 'Banner Slide :: Modificar', NULL, 'N;'),
('BannerSlide.view', 0, 'Banner Slide :: ', NULL, 'N;'),
('Level-1', 2, 'Level 1 users', NULL, 'N;'),
('Level-2', 2, 'Level 2 Users', NULL, 'N;'),
('Level-3', 2, 'Level 3 Users', NULL, 'N;'),
('register', 2, 'Register Users', NULL, 'N;'),
('SeoUrl.*', 1, 'SEO URLs', NULL, 'N;'),
('SeoUrl.create', 0, 'SEO URLs :: Crear', NULL, 'N;'),
('SeoUrl.list', 0, 'SEO URLs :: Listar', NULL, 'N;'),
('SeoUrl.update', 0, 'SEO URLs :: Modificar', NULL, 'N;'),
('SeoUrl.view', 0, 'SEO URLs :: ', NULL, 'N;'),
('UrlRule.*', 1, 'URLs', NULL, 'N;'),
('UrlRule.create', 0, 'URLs :: Crear', NULL, 'N;'),
('UrlRule.delete', 0, 'URLs :: Eliminar', NULL, 'N;'),
('UrlRule.list', 0, 'URLs :: Listar', NULL, 'N;'),
('UrlRule.order', 0, 'URLs :: Organizar', NULL, 'N;'),
('UrlRule.toogle', 0, 'URLs :: Habilitar / Desabilitar', NULL, 'N;'),
('UrlRule.update', 0, 'URLs :: Modificar', NULL, 'N;'),
('User.*', 1, 'User', NULL, 'N;'),
('User.list', 0, 'User :: Listar', NULL, 'N;'),
('User.update', 0, 'User :: Modificar', NULL, 'N;'),
('User.view', 0, 'User :: ', NULL, 'N;');

-- --------------------------------------------------------

--
-- Table structure for table `authitemchild`
--

CREATE TABLE IF NOT EXISTS `authitemchild` (
  `parent` varchar(64) NOT NULL,
  `child` varchar(64) NOT NULL,
  PRIMARY KEY (`parent`,`child`),
  KEY `child` (`child`)
) ENGINE=InnoDB DEFAULT CHARSET=latin1;

--
-- Dumping data for table `authitemchild`
--

INSERT INTO `authitemchild` (`parent`, `child`) VALUES
('BannerSlide.*', 'BannerSlide.delete'),
('BannerSlide.*', 'BannerSlide.list'),
('BannerSlide.*', 'BannerSlide.toogle'),
('BannerSlide.*', 'BannerSlide.update'),
('BannerSlide.*', 'BannerSlide.view'),
('SeoUrl.*', 'SeoUrl.create'),
('SeoUrl.*', 'SeoUrl.list'),
('SeoUrl.*', 'SeoUrl.update'),
('SeoUrl.*', 'SeoUrl.view'),
('UrlRule.*', 'UrlRule.create'),
('UrlRule.*', 'UrlRule.delete'),
('UrlRule.*', 'UrlRule.list'),
('UrlRule.*', 'UrlRule.order'),
('UrlRule.*', 'UrlRule.toogle'),
('UrlRule.*', 'UrlRule.update'),
('User.*', 'User.list'),
('User.*', 'User.update'),
('User.*', 'User.view');

-- --------------------------------------------------------

--
-- Table structure for table `cache`
--

CREATE TABLE IF NOT EXISTS `cache` (
  `id` char(128) NOT NULL,
  `expire` int(11) DEFAULT NULL,
  `value` longblob,
  PRIMARY KEY (`id`)
) ENGINE=InnoDB DEFAULT CHARSET=latin1;

--
-- Dumping data for table `cache`
--

INSERT INTO `cache` (`id`, `expire`, `value`) VALUES
('1d2e07c0d74b105a975fde7258009501', 0, 0x613a323a7b693a303b613a323a7b693a303b613a33313a7b693a303b4f3a383a224355726c52756c65223a31363a7b733a393a2275726c537566666978223b4e3b733a31333a226361736553656e736974697665223b733a313a2230223b733a31333a2264656661756c74506172616d73223b613a303a7b7d733a31303a226d6174636856616c7565223b733a313a2230223b733a343a2276657262223b4e3b733a31313a2270617273696e674f6e6c79223b733a313a2230223b733a353a22726f757465223b733a32313a2266726f6e74656e642f64656661756c742f686f6d65223b733a31303a227265666572656e636573223b613a303a7b7d733a31323a22726f7574655061747465726e223b4e3b733a373a227061747465726e223b733a373a222f5e5c2f242f75223b733a383a2274656d706c617465223b733a303a22223b733a363a22706172616d73223b613a303a7b7d733a363a22617070656e64223b623a303b733a31313a22686173486f7374496e666f223b623a303b733a31343a220043436f6d706f6e656e74005f65223b4e3b733a31343a220043436f6d706f6e656e74005f6d223b4e3b7d693a313b4f3a383a224355726c52756c65223a31363a7b733a393a2275726c537566666978223b4e3b733a31333a226361736553656e736974697665223b733a313a2230223b733a31333a2264656661756c74506172616d73223b613a303a7b7d733a31303a226d6174636856616c7565223b733a313a2230223b733a343a2276657262223b4e3b733a31313a2270617273696e674f6e6c79223b733a313a2230223b733a353a22726f757465223b733a32303a2266726f6e74656e642f61626f75742f61626f7574223b733a31303a227265666572656e636573223b613a303a7b7d733a31323a22726f7574655061747465726e223b4e3b733a373a227061747465726e223b733a31323a222f5e61626f75745c2f242f75223b733a383a2274656d706c617465223b733a353a2261626f7574223b733a363a22706172616d73223b613a303a7b7d733a363a22617070656e64223b623a303b733a31313a22686173486f7374496e666f223b623a303b733a31343a220043436f6d706f6e656e74005f65223b4e3b733a31343a220043436f6d706f6e656e74005f6d223b4e3b7d693a323b4f3a383a224355726c52756c65223a31363a7b733a393a2275726c537566666978223b4e3b733a31333a226361736553656e736974697665223b733a313a2230223b733a31333a2264656661756c74506172616d73223b613a303a7b7d733a31303a226d6174636856616c7565223b733a313a2230223b733a343a2276657262223b4e3b733a31313a2270617273696e674f6e6c79223b733a313a2230223b733a353a22726f757465223b733a33303a2266726f6e74656e642f65786869626974696f6e2f65786869626974696f6e223b733a31303a227265666572656e636573223b613a303a7b7d733a31323a22726f7574655061747465726e223b4e3b733a373a227061747465726e223b733a31383a222f5e65786869626974696f6e735c2f242f75223b733a383a2274656d706c617465223b733a31313a2265786869626974696f6e73223b733a363a22706172616d73223b613a303a7b7d733a363a22617070656e64223b623a303b733a31313a22686173486f7374496e666f223b623a303b733a31343a220043436f6d706f6e656e74005f65223b4e3b733a31343a220043436f6d706f6e656e74005f6d223b4e3b7d693a333b4f3a383a224355726c52756c65223a31363a7b733a393a2275726c537566666978223b4e3b733a31333a226361736553656e736974697665223b733a313a2230223b733a31333a2264656661756c74506172616d73223b613a303a7b7d733a31303a226d6174636856616c7565223b733a313a2230223b733a343a2276657262223b4e3b733a31313a2270617273696e674f6e6c79223b733a313a2230223b733a353a22726f757465223b733a32343a2266726f6e74656e642f617274776f726b2f617274776f726b223b733a31303a227265666572656e636573223b613a303a7b7d733a31323a22726f7574655061747465726e223b4e3b733a373a227061747465726e223b733a31343a222f5e617274776f726b5c2f242f75223b733a383a2274656d706c617465223b733a373a22617274776f726b223b733a363a22706172616d73223b613a303a7b7d733a363a22617070656e64223b623a303b733a31313a22686173486f7374496e666f223b623a303b733a31343a220043436f6d706f6e656e74005f65223b4e3b733a31343a220043436f6d706f6e656e74005f6d223b4e3b7d693a343b4f3a383a224355726c52756c65223a31363a7b733a393a2275726c537566666978223b4e3b733a31333a226361736553656e736974697665223b733a313a2230223b733a31333a2264656661756c74506172616d73223b613a303a7b7d733a31303a226d6174636856616c7565223b733a313a2230223b733a343a2276657262223b4e3b733a31313a2270617273696e674f6e6c79223b733a313a2230223b733a353a22726f757465223b733a32343a2266726f6e74656e642f636f6e746163742f636f6e74616374223b733a31303a227265666572656e636573223b613a303a7b7d733a31323a22726f7574655061747465726e223b4e3b733a373a227061747465726e223b733a31343a222f5e636f6e746163745c2f242f75223b733a383a2274656d706c617465223b733a373a22636f6e74616374223b733a363a22706172616d73223b613a303a7b7d733a363a22617070656e64223b623a303b733a31313a22686173486f7374496e666f223b623a303b733a31343a220043436f6d706f6e656e74005f65223b4e3b733a31343a220043436f6d706f6e656e74005f6d223b4e3b7d693a353b4f3a383a224355726c52756c65223a31363a7b733a393a2275726c537566666978223b4e3b733a31333a226361736553656e736974697665223b4e3b733a31333a2264656661756c74506172616d73223b613a303a7b7d733a31303a226d6174636856616c7565223b4e3b733a343a2276657262223b4e3b733a31313a2270617273696e674f6e6c79223b623a303b733a353a22726f757465223b733a383a2266726f6e74656e64223b733a31303a227265666572656e636573223b613a303a7b7d733a31323a22726f7574655061747465726e223b4e3b733a373a227061747465726e223b733a31353a222f5e66726f6e74656e645c2f242f75223b733a383a2274656d706c617465223b733a383a2266726f6e74656e64223b733a363a22706172616d73223b613a303a7b7d733a363a22617070656e64223b623a303b733a31313a22686173486f7374496e666f223b623a303b733a31343a220043436f6d706f6e656e74005f65223b4e3b733a31343a220043436f6d706f6e656e74005f6d223b4e3b7d693a363b4f3a383a224355726c52756c65223a31363a7b733a393a2275726c537566666978223b4e3b733a31333a226361736553656e736974697665223b4e3b733a31333a2264656661756c74506172616d73223b613a303a7b7d733a31303a226d6174636856616c7565223b4e3b733a343a2276657262223b4e3b733a31313a2270617273696e674f6e6c79223b623a303b733a353a22726f757465223b733a31363a22757365722f6c6f67696e2f6c6f67696e223b733a31303a227265666572656e636573223b613a303a7b7d733a31323a22726f7574655061747465726e223b4e3b733a373a227061747465726e223b733a31323a222f5e61646d696e5c2f242f75223b733a383a2274656d706c617465223b733a353a2261646d696e223b733a363a22706172616d73223b613a303a7b7d733a363a22617070656e64223b623a303b733a31313a22686173486f7374496e666f223b623a303b733a31343a220043436f6d706f6e656e74005f65223b4e3b733a31343a220043436f6d706f6e656e74005f6d223b4e3b7d693a373b4f3a383a224355726c52756c65223a31363a7b733a393a2275726c537566666978223b4e3b733a31333a226361736553656e736974697665223b4e3b733a31333a2264656661756c74506172616d73223b613a303a7b7d733a31303a226d6174636856616c7565223b4e3b733a343a2276657262223b4e3b733a31313a2270617273696e674f6e6c79223b623a303b733a353a22726f757465223b733a353a22697273656f223b733a31303a227265666572656e636573223b613a303a7b7d733a31323a22726f7574655061747465726e223b4e3b733a373a227061747465726e223b733a31323a222f5e697273656f5c2f242f75223b733a383a2274656d706c617465223b733a353a22697273656f223b733a363a22706172616d73223b613a303a7b7d733a363a22617070656e64223b623a303b733a31313a22686173486f7374496e666f223b623a303b733a31343a220043436f6d706f6e656e74005f65223b4e3b733a31343a220043436f6d706f6e656e74005f6d223b4e3b7d693a383b4f3a383a224355726c52756c65223a31363a7b733a393a2275726c537566666978223b4e3b733a31333a226361736553656e736974697665223b4e3b733a31333a2264656661756c74506172616d73223b613a303a7b7d733a31303a226d6174636856616c7565223b4e3b733a343a2276657262223b4e3b733a31313a2270617273696e674f6e6c79223b623a303b733a353a22726f757465223b733a31383a22697273656f2f3c636f6e74726f6c6c65723e223b733a31303a227265666572656e636573223b613a313a7b733a31303a22636f6e74726f6c6c6572223b733a31323a223c636f6e74726f6c6c65723e223b7d733a31323a22726f7574655061747465726e223b733a33313a222f5e697273656f5c2f283f503c636f6e74726f6c6c65723e5c772b29242f75223b733a373a227061747465726e223b733a33333a222f5e697273656f5c2f283f503c636f6e74726f6c6c65723e5c772b295c2f242f75223b733a383a2274656d706c617465223b733a31383a22697273656f2f3c636f6e74726f6c6c65723e223b733a363a22706172616d73223b613a303a7b7d733a363a22617070656e64223b623a303b733a31313a22686173486f7374496e666f223b623a303b733a31343a220043436f6d706f6e656e74005f65223b4e3b733a31343a220043436f6d706f6e656e74005f6d223b4e3b7d693a393b4f3a383a224355726c52756c65223a31363a7b733a393a2275726c537566666978223b4e3b733a31333a226361736553656e736974697665223b4e3b733a31333a2264656661756c74506172616d73223b613a303a7b7d733a31303a226d6174636856616c7565223b4e3b733a343a2276657262223b4e3b733a31313a2270617273696e674f6e6c79223b623a303b733a353a22726f757465223b733a32373a22697273656f2f3c636f6e74726f6c6c65723e2f3c616374696f6e3e223b733a31303a227265666572656e636573223b613a323a7b733a31303a22636f6e74726f6c6c6572223b733a31323a223c636f6e74726f6c6c65723e223b733a363a22616374696f6e223b733a383a223c616374696f6e3e223b7d733a31323a22726f7574655061747465726e223b733a34383a222f5e697273656f5c2f283f503c636f6e74726f6c6c65723e5c772b295c2f283f503c616374696f6e3e5c772b29242f75223b733a373a227061747465726e223b733a35303a222f5e697273656f5c2f283f503c636f6e74726f6c6c65723e5c772b295c2f283f503c616374696f6e3e5c772b295c2f242f75223b733a383a2274656d706c617465223b733a32373a22697273656f2f3c636f6e74726f6c6c65723e2f3c616374696f6e3e223b733a363a22706172616d73223b613a303a7b7d733a363a22617070656e64223b623a303b733a31313a22686173486f7374496e666f223b623a303b733a31343a220043436f6d706f6e656e74005f65223b4e3b733a31343a220043436f6d706f6e656e74005f6d223b4e3b7d693a31303b4f3a383a224355726c52756c65223a31363a7b733a393a2275726c537566666978223b4e3b733a31333a226361736553656e736974697665223b4e3b733a31333a2264656661756c74506172616d73223b613a303a7b7d733a31303a226d6174636856616c7565223b4e3b733a343a2276657262223b4e3b733a31313a2270617273696e674f6e6c79223b623a303b733a353a22726f757465223b733a363a22697274657874223b733a31303a227265666572656e636573223b613a303a7b7d733a31323a22726f7574655061747465726e223b4e3b733a373a227061747465726e223b733a31333a222f5e6972746578745c2f242f75223b733a383a2274656d706c617465223b733a363a22697274657874223b733a363a22706172616d73223b613a303a7b7d733a363a22617070656e64223b623a303b733a31313a22686173486f7374496e666f223b623a303b733a31343a220043436f6d706f6e656e74005f65223b4e3b733a31343a220043436f6d706f6e656e74005f6d223b4e3b7d693a31313b4f3a383a224355726c52756c65223a31363a7b733a393a2275726c537566666978223b4e3b733a31333a226361736553656e736974697665223b4e3b733a31333a2264656661756c74506172616d73223b613a303a7b7d733a31303a226d6174636856616c7565223b4e3b733a343a2276657262223b4e3b733a31313a2270617273696e674f6e6c79223b623a303b733a353a22726f757465223b733a31393a226972746578742f3c636f6e74726f6c6c65723e223b733a31303a227265666572656e636573223b613a313a7b733a31303a22636f6e74726f6c6c6572223b733a31323a223c636f6e74726f6c6c65723e223b7d733a31323a22726f7574655061747465726e223b733a33323a222f5e6972746578745c2f283f503c636f6e74726f6c6c65723e5c772b29242f75223b733a373a227061747465726e223b733a33343a222f5e6972746578745c2f283f503c636f6e74726f6c6c65723e5c772b295c2f242f75223b733a383a2274656d706c617465223b733a31393a226972746578742f3c636f6e74726f6c6c65723e223b733a363a22706172616d73223b613a303a7b7d733a363a22617070656e64223b623a303b733a31313a22686173486f7374496e666f223b623a303b733a31343a220043436f6d706f6e656e74005f65223b4e3b733a31343a220043436f6d706f6e656e74005f6d223b4e3b7d693a31323b4f3a383a224355726c52756c65223a31363a7b733a393a2275726c537566666978223b4e3b733a31333a226361736553656e736974697665223b4e3b733a31333a2264656661756c74506172616d73223b613a303a7b7d733a31303a226d6174636856616c7565223b4e3b733a343a2276657262223b4e3b733a31313a2270617273696e674f6e6c79223b623a303b733a353a22726f757465223b733a32383a226972746578742f3c636f6e74726f6c6c65723e2f3c616374696f6e3e223b733a31303a227265666572656e636573223b613a323a7b733a31303a22636f6e74726f6c6c6572223b733a31323a223c636f6e74726f6c6c65723e223b733a363a22616374696f6e223b733a383a223c616374696f6e3e223b7d733a31323a22726f7574655061747465726e223b733a34393a222f5e6972746578745c2f283f503c636f6e74726f6c6c65723e5c772b295c2f283f503c616374696f6e3e5c772b29242f75223b733a373a227061747465726e223b733a35313a222f5e6972746578745c2f283f503c636f6e74726f6c6c65723e5c772b295c2f283f503c616374696f6e3e5c772b295c2f242f75223b733a383a2274656d706c617465223b733a32383a226972746578742f3c636f6e74726f6c6c65723e2f3c616374696f6e3e223b733a363a22706172616d73223b613a303a7b7d733a363a22617070656e64223b623a303b733a31313a22686173486f7374496e666f223b623a303b733a31343a220043436f6d706f6e656e74005f65223b4e3b733a31343a220043436f6d706f6e656e74005f6d223b4e3b7d693a31333b4f3a383a224355726c52756c65223a31363a7b733a393a2275726c537566666978223b4e3b733a31333a226361736553656e736974697665223b4e3b733a31333a2264656661756c74506172616d73223b613a303a7b7d733a31303a226d6174636856616c7565223b4e3b733a343a2276657262223b4e3b733a31313a2270617273696e674f6e6c79223b623a303b733a353a22726f757465223b733a333a2279636d223b733a31303a227265666572656e636573223b613a303a7b7d733a31323a22726f7574655061747465726e223b4e3b733a373a227061747465726e223b733a31303a222f5e79636d5c2f242f75223b733a383a2274656d706c617465223b733a333a2279636d223b733a363a22706172616d73223b613a303a7b7d733a363a22617070656e64223b623a303b733a31313a22686173486f7374496e666f223b623a303b733a31343a220043436f6d706f6e656e74005f65223b4e3b733a31343a220043436f6d706f6e656e74005f6d223b4e3b7d693a31343b4f3a383a224355726c52756c65223a31363a7b733a393a2275726c537566666978223b4e3b733a31333a226361736553656e736974697665223b4e3b733a31333a2264656661756c74506172616d73223b613a303a7b7d733a31303a226d6174636856616c7565223b4e3b733a343a2276657262223b4e3b733a31313a2270617273696e674f6e6c79223b623a303b733a353a22726f757465223b733a31363a2279636d2f3c636f6e74726f6c6c65723e223b733a31303a227265666572656e636573223b613a313a7b733a31303a22636f6e74726f6c6c6572223b733a31323a223c636f6e74726f6c6c65723e223b7d733a31323a22726f7574655061747465726e223b733a32393a222f5e79636d5c2f283f503c636f6e74726f6c6c65723e5c772b29242f75223b733a373a227061747465726e223b733a33313a222f5e79636d5c2f283f503c636f6e74726f6c6c65723e5c772b295c2f242f75223b733a383a2274656d706c617465223b733a31363a2279636d2f3c636f6e74726f6c6c65723e223b733a363a22706172616d73223b613a303a7b7d733a363a22617070656e64223b623a303b733a31313a22686173486f7374496e666f223b623a303b733a31343a220043436f6d706f6e656e74005f65223b4e3b733a31343a220043436f6d706f6e656e74005f6d223b4e3b7d693a31353b4f3a383a224355726c52756c65223a31363a7b733a393a2275726c537566666978223b4e3b733a31333a226361736553656e736974697665223b4e3b733a31333a2264656661756c74506172616d73223b613a303a7b7d733a31303a226d6174636856616c7565223b4e3b733a343a2276657262223b4e3b733a31313a2270617273696e674f6e6c79223b623a303b733a353a22726f757465223b733a32353a2279636d2f3c636f6e74726f6c6c65723e2f3c616374696f6e3e223b733a31303a227265666572656e636573223b613a323a7b733a31303a22636f6e74726f6c6c6572223b733a31323a223c636f6e74726f6c6c65723e223b733a363a22616374696f6e223b733a383a223c616374696f6e3e223b7d733a31323a22726f7574655061747465726e223b733a34363a222f5e79636d5c2f283f503c636f6e74726f6c6c65723e5c772b295c2f283f503c616374696f6e3e5c772b29242f75223b733a373a227061747465726e223b733a34383a222f5e79636d5c2f283f503c636f6e74726f6c6c65723e5c772b295c2f283f503c616374696f6e3e5c772b295c2f242f75223b733a383a2274656d706c617465223b733a32353a2279636d2f3c636f6e74726f6c6c65723e2f3c616374696f6e3e223b733a363a22706172616d73223b613a303a7b7d733a363a22617070656e64223b623a303b733a31313a22686173486f7374496e666f223b623a303b733a31343a220043436f6d706f6e656e74005f65223b4e3b733a31343a220043436f6d706f6e656e74005f6d223b4e3b7d693a31363b4f3a383a224355726c52756c65223a31363a7b733a393a2275726c537566666978223b4e3b733a31333a226361736553656e736974697665223b4e3b733a31333a2264656661756c74506172616d73223b613a303a7b7d733a31303a226d6174636856616c7565223b4e3b733a343a2276657262223b4e3b733a31313a2270617273696e674f6e6c79223b623a303b733a353a22726f757465223b733a343a2275736572223b733a31303a227265666572656e636573223b613a303a7b7d733a31323a22726f7574655061747465726e223b4e3b733a373a227061747465726e223b733a31313a222f5e757365725c2f242f75223b733a383a2274656d706c617465223b733a343a2275736572223b733a363a22706172616d73223b613a303a7b7d733a363a22617070656e64223b623a303b733a31313a22686173486f7374496e666f223b623a303b733a31343a220043436f6d706f6e656e74005f65223b4e3b733a31343a220043436f6d706f6e656e74005f6d223b4e3b7d693a31373b4f3a383a224355726c52756c65223a31363a7b733a393a2275726c537566666978223b4e3b733a31333a226361736553656e736974697665223b4e3b733a31333a2264656661756c74506172616d73223b613a303a7b7d733a31303a226d6174636856616c7565223b4e3b733a343a2276657262223b4e3b733a31313a2270617273696e674f6e6c79223b623a303b733a353a22726f757465223b733a31373a22757365722f3c636f6e74726f6c6c65723e223b733a31303a227265666572656e636573223b613a313a7b733a31303a22636f6e74726f6c6c6572223b733a31323a223c636f6e74726f6c6c65723e223b7d733a31323a22726f7574655061747465726e223b733a33303a222f5e757365725c2f283f503c636f6e74726f6c6c65723e5c772b29242f75223b733a373a227061747465726e223b733a33323a222f5e757365725c2f283f503c636f6e74726f6c6c65723e5c772b295c2f242f75223b733a383a2274656d706c617465223b733a31373a22757365722f3c636f6e74726f6c6c65723e223b733a363a22706172616d73223b613a303a7b7d733a363a22617070656e64223b623a303b733a31313a22686173486f7374496e666f223b623a303b733a31343a220043436f6d706f6e656e74005f65223b4e3b733a31343a220043436f6d706f6e656e74005f6d223b4e3b7d693a31383b4f3a383a224355726c52756c65223a31363a7b733a393a2275726c537566666978223b4e3b733a31333a226361736553656e736974697665223b4e3b733a31333a2264656661756c74506172616d73223b613a303a7b7d733a31303a226d6174636856616c7565223b4e3b733a343a2276657262223b4e3b733a31313a2270617273696e674f6e6c79223b623a303b733a353a22726f757465223b733a32363a22757365722f3c636f6e74726f6c6c65723e2f3c616374696f6e3e223b733a31303a227265666572656e636573223b613a323a7b733a31303a22636f6e74726f6c6c6572223b733a31323a223c636f6e74726f6c6c65723e223b733a363a22616374696f6e223b733a383a223c616374696f6e3e223b7d733a31323a22726f7574655061747465726e223b733a34373a222f5e757365725c2f283f503c636f6e74726f6c6c65723e5c772b295c2f283f503c616374696f6e3e5c772b29242f75223b733a373a227061747465726e223b733a34393a222f5e757365725c2f283f503c636f6e74726f6c6c65723e5c772b295c2f283f503c616374696f6e3e5c772b295c2f242f75223b733a383a2274656d706c617465223b733a32363a22757365722f3c636f6e74726f6c6c65723e2f3c616374696f6e3e223b733a363a22706172616d73223b613a303a7b7d733a363a22617070656e64223b623a303b733a31313a22686173486f7374496e666f223b623a303b733a31343a220043436f6d706f6e656e74005f65223b4e3b733a31343a220043436f6d706f6e656e74005f6d223b4e3b7d693a31393b4f3a383a224355726c52756c65223a31363a7b733a393a2275726c537566666978223b4e3b733a31333a226361736553656e736974697665223b4e3b733a31333a2264656661756c74506172616d73223b613a303a7b7d733a31303a226d6174636856616c7565223b4e3b733a343a2276657262223b4e3b733a31313a2270617273696e674f6e6c79223b623a303b733a353a22726f757465223b733a333a22676969223b733a31303a227265666572656e636573223b613a303a7b7d733a31323a22726f7574655061747465726e223b4e3b733a373a227061747465726e223b733a31303a222f5e6769695c2f242f75223b733a383a2274656d706c617465223b733a333a22676969223b733a363a22706172616d73223b613a303a7b7d733a363a22617070656e64223b623a303b733a31313a22686173486f7374496e666f223b623a303b733a31343a220043436f6d706f6e656e74005f65223b4e3b733a31343a220043436f6d706f6e656e74005f6d223b4e3b7d693a32303b4f3a383a224355726c52756c65223a31363a7b733a393a2275726c537566666978223b4e3b733a31333a226361736553656e736974697665223b4e3b733a31333a2264656661756c74506172616d73223b613a303a7b7d733a31303a226d6174636856616c7565223b4e3b733a343a2276657262223b4e3b733a31313a2270617273696e674f6e6c79223b623a303b733a353a22726f757465223b733a31363a226769692f3c636f6e74726f6c6c65723e223b733a31303a227265666572656e636573223b613a313a7b733a31303a22636f6e74726f6c6c6572223b733a31323a223c636f6e74726f6c6c65723e223b7d733a31323a22726f7574655061747465726e223b733a32393a222f5e6769695c2f283f503c636f6e74726f6c6c65723e5c772b29242f75223b733a373a227061747465726e223b733a33313a222f5e6769695c2f283f503c636f6e74726f6c6c65723e5c772b295c2f242f75223b733a383a2274656d706c617465223b733a31363a226769692f3c636f6e74726f6c6c65723e223b733a363a22706172616d73223b613a303a7b7d733a363a22617070656e64223b623a303b733a31313a22686173486f7374496e666f223b623a303b733a31343a220043436f6d706f6e656e74005f65223b4e3b733a31343a220043436f6d706f6e656e74005f6d223b4e3b7d693a32313b4f3a383a224355726c52756c65223a31363a7b733a393a2275726c537566666978223b4e3b733a31333a226361736553656e736974697665223b4e3b733a31333a2264656661756c74506172616d73223b613a303a7b7d733a31303a226d6174636856616c7565223b4e3b733a343a2276657262223b4e3b733a31313a2270617273696e674f6e6c79223b623a303b733a353a22726f757465223b733a32353a226769692f3c636f6e74726f6c6c65723e2f3c616374696f6e3e223b733a31303a227265666572656e636573223b613a323a7b733a31303a22636f6e74726f6c6c6572223b733a31323a223c636f6e74726f6c6c65723e223b733a363a22616374696f6e223b733a383a223c616374696f6e3e223b7d733a31323a22726f7574655061747465726e223b733a34363a222f5e6769695c2f283f503c636f6e74726f6c6c65723e5c772b295c2f283f503c616374696f6e3e5c772b29242f75223b733a373a227061747465726e223b733a34383a222f5e6769695c2f283f503c636f6e74726f6c6c65723e5c772b295c2f283f503c616374696f6e3e5c772b295c2f242f75223b733a383a2274656d706c617465223b733a32353a226769692f3c636f6e74726f6c6c65723e2f3c616374696f6e3e223b733a363a22706172616d73223b613a303a7b7d733a363a22617070656e64223b623a303b733a31313a22686173486f7374496e666f223b623a303b733a31343a220043436f6d706f6e656e74005f65223b4e3b733a31343a220043436f6d706f6e656e74005f6d223b4e3b7d693a32323b4f3a383a224355726c52756c65223a31363a7b733a393a2275726c537566666978223b4e3b733a31333a226361736553656e736974697665223b4e3b733a31333a2264656661756c74506172616d73223b613a303a7b7d733a31303a226d6174636856616c7565223b4e3b733a343a2276657262223b4e3b733a31313a2270617273696e674f6e6c79223b623a303b733a353a22726f757465223b733a31373a223c636f6e74726f6c6c65723e2f76696577223b733a31303a227265666572656e636573223b613a313a7b733a31303a22636f6e74726f6c6c6572223b733a31323a223c636f6e74726f6c6c65723e223b7d733a31323a22726f7574655061747465726e223b733a33303a222f5e283f503c636f6e74726f6c6c65723e5c772b295c2f76696577242f75223b733a373a227061747465726e223b733a33393a222f5e283f503c636f6e74726f6c6c65723e5c772b295c2f283f503c69643e5c642b295c2f242f75223b733a383a2274656d706c617465223b733a31373a223c636f6e74726f6c6c65723e2f3c69643e223b733a363a22706172616d73223b613a313a7b733a323a226964223b733a333a225c642b223b7d733a363a22617070656e64223b623a303b733a31313a22686173486f7374496e666f223b623a303b733a31343a220043436f6d706f6e656e74005f65223b4e3b733a31343a220043436f6d706f6e656e74005f6d223b4e3b7d693a32333b4f3a383a224355726c52756c65223a31363a7b733a393a2275726c537566666978223b4e3b733a31333a226361736553656e736974697665223b4e3b733a31333a2264656661756c74506172616d73223b613a303a7b7d733a31303a226d6174636856616c7565223b4e3b733a343a2276657262223b4e3b733a31313a2270617273696e674f6e6c79223b623a303b733a353a22726f757465223b733a32313a223c636f6e74726f6c6c65723e2f3c616374696f6e3e223b733a31303a227265666572656e636573223b613a323a7b733a31303a22636f6e74726f6c6c6572223b733a31323a223c636f6e74726f6c6c65723e223b733a363a22616374696f6e223b733a383a223c616374696f6e3e223b7d733a31323a22726f7574655061747465726e223b733a34313a222f5e283f503c636f6e74726f6c6c65723e5c772b295c2f283f503c616374696f6e3e5c772b29242f75223b733a373a227061747465726e223b733a35363a222f5e283f503c636f6e74726f6c6c65723e5c772b295c2f283f503c616374696f6e3e5c772b295c2f283f503c69643e5c642b295c2f242f75223b733a383a2274656d706c617465223b733a32363a223c636f6e74726f6c6c65723e2f3c616374696f6e3e2f3c69643e223b733a363a22706172616d73223b613a313a7b733a323a226964223b733a333a225c642b223b7d733a363a22617070656e64223b623a303b733a31313a22686173486f7374496e666f223b623a303b733a31343a220043436f6d706f6e656e74005f65223b4e3b733a31343a220043436f6d706f6e656e74005f6d223b4e3b7d693a32343b4f3a383a224355726c52756c65223a31363a7b733a393a2275726c537566666978223b4e3b733a31333a226361736553656e736974697665223b4e3b733a31333a2264656661756c74506172616d73223b613a303a7b7d733a31303a226d6174636856616c7565223b4e3b733a343a2276657262223b4e3b733a31313a2270617273696e674f6e6c79223b623a303b733a353a22726f757465223b733a32313a223c636f6e74726f6c6c65723e2f3c616374696f6e3e223b733a31303a227265666572656e636573223b613a323a7b733a31303a22636f6e74726f6c6c6572223b733a31323a223c636f6e74726f6c6c65723e223b733a363a22616374696f6e223b733a383a223c616374696f6e3e223b7d733a31323a22726f7574655061747465726e223b733a34313a222f5e283f503c636f6e74726f6c6c65723e5c772b295c2f283f503c616374696f6e3e5c772b29242f75223b733a373a227061747465726e223b733a34333a222f5e283f503c636f6e74726f6c6c65723e5c772b295c2f283f503c616374696f6e3e5c772b295c2f242f75223b733a383a2274656d706c617465223b733a32313a223c636f6e74726f6c6c65723e2f3c616374696f6e3e223b733a363a22706172616d73223b613a303a7b7d733a363a22617070656e64223b623a303b733a31313a22686173486f7374496e666f223b623a303b733a31343a220043436f6d706f6e656e74005f65223b4e3b733a31343a220043436f6d706f6e656e74005f6d223b4e3b7d693a32353b4f3a383a224355726c52756c65223a31363a7b733a393a2275726c537566666978223b4e3b733a31333a226361736553656e736974697665223b4e3b733a31333a2264656661756c74506172616d73223b613a303a7b7d733a31303a226d6174636856616c7565223b4e3b733a343a2276657262223b4e3b733a31313a2270617273696e674f6e6c79223b623a303b733a353a22726f757465223b733a353a226375706f6e223b733a31303a227265666572656e636573223b613a303a7b7d733a31323a22726f7574655061747465726e223b4e3b733a373a227061747465726e223b733a31323a222f5e6375706f6e5c2f242f75223b733a383a2274656d706c617465223b733a353a226375706f6e223b733a363a22706172616d73223b613a303a7b7d733a363a22617070656e64223b623a303b733a31313a22686173486f7374496e666f223b623a303b733a31343a220043436f6d706f6e656e74005f65223b4e3b733a31343a220043436f6d706f6e656e74005f6d223b4e3b7d693a32363b4f3a383a224355726c52756c65223a31363a7b733a393a2275726c537566666978223b4e3b733a31333a226361736553656e736974697665223b4e3b733a31333a2264656661756c74506172616d73223b613a303a7b7d733a31303a226d6174636856616c7565223b4e3b733a343a2276657262223b4e3b733a31313a2270617273696e674f6e6c79223b623a303b733a353a22726f757465223b733a31383a226375706f6e2f3c636f6e74726f6c6c65723e223b733a31303a227265666572656e636573223b613a313a7b733a31303a22636f6e74726f6c6c6572223b733a31323a223c636f6e74726f6c6c65723e223b7d733a31323a22726f7574655061747465726e223b733a33313a222f5e6375706f6e5c2f283f503c636f6e74726f6c6c65723e5c772b29242f75223b733a373a227061747465726e223b733a33333a222f5e6375706f6e5c2f283f503c636f6e74726f6c6c65723e5c772b295c2f242f75223b733a383a2274656d706c617465223b733a31383a226375706f6e2f3c636f6e74726f6c6c65723e223b733a363a22706172616d73223b613a303a7b7d733a363a22617070656e64223b623a303b733a31313a22686173486f7374496e666f223b623a303b733a31343a220043436f6d706f6e656e74005f65223b4e3b733a31343a220043436f6d706f6e656e74005f6d223b4e3b7d693a32373b4f3a383a224355726c52756c65223a31363a7b733a393a2275726c537566666978223b4e3b733a31333a226361736553656e736974697665223b4e3b733a31333a2264656661756c74506172616d73223b613a303a7b7d733a31303a226d6174636856616c7565223b4e3b733a343a2276657262223b4e3b733a31313a2270617273696e674f6e6c79223b623a303b733a353a22726f757465223b733a32373a226375706f6e2f3c636f6e74726f6c6c65723e2f3c616374696f6e3e223b733a31303a227265666572656e636573223b613a323a7b733a31303a22636f6e74726f6c6c6572223b733a31323a223c636f6e74726f6c6c65723e223b733a363a22616374696f6e223b733a383a223c616374696f6e3e223b7d733a31323a22726f7574655061747465726e223b733a34383a222f5e6375706f6e5c2f283f503c636f6e74726f6c6c65723e5c772b295c2f283f503c616374696f6e3e5c772b29242f75223b733a373a227061747465726e223b733a35303a222f5e6375706f6e5c2f283f503c636f6e74726f6c6c65723e5c772b295c2f283f503c616374696f6e3e5c772b295c2f242f75223b733a383a2274656d706c617465223b733a32373a226375706f6e2f3c636f6e74726f6c6c65723e2f3c616374696f6e3e223b733a363a22706172616d73223b613a303a7b7d733a363a22617070656e64223b623a303b733a31313a22686173486f7374496e666f223b623a303b733a31343a220043436f6d706f6e656e74005f65223b4e3b733a31343a220043436f6d706f6e656e74005f6d223b4e3b7d693a32383b4f3a383a224355726c52756c65223a31363a7b733a393a2275726c537566666978223b4e3b733a31333a226361736553656e736974697665223b4e3b733a31333a2264656661756c74506172616d73223b613a303a7b7d733a31303a226d6174636856616c7565223b4e3b733a343a2276657262223b4e3b733a31313a2270617273696e674f6e6c79223b623a303b733a353a22726f757465223b733a32313a2266726f6e74656e642f3c636f6e74726f6c6c65723e223b733a31303a227265666572656e636573223b613a313a7b733a31303a22636f6e74726f6c6c6572223b733a31323a223c636f6e74726f6c6c65723e223b7d733a31323a22726f7574655061747465726e223b733a33373a222f5e66726f6e74656e645c2f283f503c636f6e74726f6c6c65723e5b5e5c2f5d2b29242f75223b733a373a227061747465726e223b733a33393a222f5e66726f6e74656e645c2f283f503c636f6e74726f6c6c65723e5b5e5c2f5d2b295c2f242f75223b733a383a2274656d706c617465223b733a32313a2266726f6e74656e642f3c636f6e74726f6c6c65723e223b733a363a22706172616d73223b613a303a7b7d733a363a22617070656e64223b623a303b733a31313a22686173486f7374496e666f223b623a303b733a31343a220043436f6d706f6e656e74005f65223b4e3b733a31343a220043436f6d706f6e656e74005f6d223b4e3b7d693a32393b4f3a383a224355726c52756c65223a31363a7b733a393a2275726c537566666978223b4e3b733a31333a226361736553656e736974697665223b4e3b733a31333a2264656661756c74506172616d73223b613a303a7b7d733a31303a226d6174636856616c7565223b4e3b733a343a2276657262223b4e3b733a31313a2270617273696e674f6e6c79223b623a303b733a353a22726f757465223b733a33303a2266726f6e74656e642f3c636f6e74726f6c6c65723e2f3c616374696f6e3e223b733a31303a227265666572656e636573223b613a323a7b733a31303a22636f6e74726f6c6c6572223b733a31323a223c636f6e74726f6c6c65723e223b733a363a22616374696f6e223b733a383a223c616374696f6e3e223b7d733a31323a22726f7574655061747465726e223b733a35343a222f5e66726f6e74656e645c2f283f503c636f6e74726f6c6c65723e5b5e5c2f5d2b295c2f283f503c616374696f6e3e5c772b29242f75223b733a373a227061747465726e223b733a35363a222f5e66726f6e74656e645c2f283f503c636f6e74726f6c6c65723e5b5e5c2f5d2b295c2f283f503c616374696f6e3e5c772b295c2f242f75223b733a383a2274656d706c617465223b733a33303a2266726f6e74656e642f3c636f6e74726f6c6c65723e2f3c616374696f6e3e223b733a363a22706172616d73223b613a303a7b7d733a363a22617070656e64223b623a303b733a31313a22686173486f7374496e666f223b623a303b733a31343a220043436f6d706f6e656e74005f65223b4e3b733a31343a220043436f6d706f6e656e74005f6d223b4e3b7d693a33303b4f3a383a224355726c52756c65223a31363a7b733a393a2275726c537566666978223b4e3b733a31333a226361736553656e736974697665223b4e3b733a31333a2264656661756c74506172616d73223b613a303a7b7d733a31303a226d6174636856616c7565223b4e3b733a343a2276657262223b4e3b733a31313a2270617273696e674f6e6c79223b623a303b733a353a22726f757465223b733a32363a2266726f6e74656e642f64656661756c742f73656e64656d61696c223b733a31303a227265666572656e636573223b613a303a7b7d733a31323a22726f7574655061747465726e223b4e3b733a373a227061747465726e223b733a31363a222f5e73656e64656d61696c5c2f242f75223b733a383a2274656d706c617465223b733a393a2273656e64656d61696c223b733a363a22706172616d73223b613a303a7b7d733a363a22617070656e64223b623a303b733a31313a22686173486f7374496e666f223b623a303b733a31343a220043436f6d706f6e656e74005f65223b4e3b733a31343a220043436f6d706f6e656e74005f6d223b4e3b7d7d693a313b733a33323a226364346635356466633766653363366662353437663931373563613533666435223b7d693a313b4e3b7d);

-- --------------------------------------------------------

--
-- Table structure for table `company_info`
--

CREATE TABLE IF NOT EXISTS `company_info` (
  `id` varchar(50) NOT NULL COMMENT '{"rows": 1, "type": "@uid", "breadcrumbs":{"tablename":"Company", "submenu":"Company Information"}}',
  `office_name` varchar(30) DEFAULT NULL COMMENT '{"label": "Office Name"}',
  `address` varchar(100) NOT NULL COMMENT '{"type": "@redactor", "label": "Address"}',
  `logo_alt_img` varchar(50) DEFAULT NULL COMMENT '{"type":"recipeImg1", "label":"Company Logo", "dimensions": "388,43", "allowEmpty":false}',
  `main_phone` varchar(30) DEFAULT NULL COMMENT '{"label": "Phone"}',
  `second_phone` varchar(30) DEFAULT NULL COMMENT '{"label": "Second Phone"}',
  `fax` varchar(30) DEFAULT NULL COMMENT '{"label": "Fax"}',
  `email` varchar(30) DEFAULT NULL COMMENT '{"type":"@email","label": "Email", "type": "@email"}',
  `short_description` varchar(100) DEFAULT NULL COMMENT '{"label": "Short Description"}',
  PRIMARY KEY (`id`)
) ENGINE=InnoDB DEFAULT CHARSET=latin1;

--
-- Dumping data for table `company_info`
--

INSERT INTO `company_info` (`id`, `office_name`, `address`, `logo_alt_img`, `main_phone`, `second_phone`, `fax`, `email`, `short_description`) VALUES
('ed086435-c2bc-bad4-016e-32ae1bf9c7cf', 'Patricio Rodriguez', '<p>prueba</p>', NULL, NULL, NULL, NULL, NULL, NULL);

-- --------------------------------------------------------

--
-- Table structure for table `contact_us`
--

CREATE TABLE IF NOT EXISTS `contact_us` (
  `id` varchar(50) NOT NULL COMMENT '{"type":"@uid", "breadcrumbs":{"tablename":"Contact us", "submenu":"Contact Page"}}',
  `title` varchar(25) NOT NULL COMMENT '{"rows":1,"label": "Section Title"}',
  `sub_title` varchar(30) NOT NULL COMMENT '{"label": "Section Subtitle"}',
  `phone_title` varchar(100) NOT NULL COMMENT '{"rows":1,"label": "Phone title"}',
  `phone` varchar(125) NOT NULL COMMENT '{"label": "Phone"}',
  `email_title` varchar(100) NOT NULL COMMENT '{"label": "Email title"}',
  `email` varchar(255) NOT NULL COMMENT '{"type":"@email","label": "Email", "type": "@email"}',
  `description` text NOT NULL COMMENT '{"type": "@redactor", "label": "Text"}',
  `image` varchar(50) DEFAULT NULL COMMENT '{"type":"recipeImg1", "label":"Image", "dimensions": "816,768", "allowEmpty":false}',
  PRIMARY KEY (`id`),
  UNIQUE KEY `phone` (`phone`),
  UNIQUE KEY `email` (`email`)
) ENGINE=InnoDB DEFAULT CHARSET=latin1;

-- --------------------------------------------------------

--
-- Table structure for table `exhibition_section1`
--

CREATE TABLE IF NOT EXISTS `exhibition_section1` (
  `id` varchar(50) NOT NULL COMMENT '{"type": "@uid", "breadcrumbs":{"tablename":"Exhibitions", "submenu":"Exhibition Section1"}}',
  `filter_label` varchar(15) NOT NULL COMMENT '{"label": "Exhibition filter label"}',
  `section1_title` varchar(35) NOT NULL COMMENT '{"label": "Section1 Title"}',
  `section1_subtitle` varchar(40) NOT NULL COMMENT '{"label": "Section1 Subtitle"}',
  `section1_long_description` text NOT NULL COMMENT '{"type": "@redactor", "label": "Section1 Long Description"}',
  PRIMARY KEY (`id`)
) ENGINE=InnoDB DEFAULT CHARSET=latin1;

--
-- Dumping data for table `exhibition_section1`
--

INSERT INTO `exhibition_section1` (`id`, `filter_label`, `section1_title`, `section1_subtitle`, `section1_long_description`) VALUES
('6d8ad34c-00c7-9174-81cb-36c962972b9a', 'Exhibitions', 'Patricio Rodriguez', 'Exhibitions', '<h3>EXPOSICIONES INDIVIDUALES:</h3><p>- 2010: o 2008: o 2008: o 2002:</p><p>Cuba. o 1999: o 1998: o 1998:</p><p>“Al Filo de la Navaja” GE Galería, San Pedro \r\nGarza García, Nuevo León. México. “Sombras, Cortes y Caminos” Comité \r\nestatal del PAN, Monterrey, N.L. México. “Fijaciones Caladas” Museo El \r\nBlanqueo, Santa Catarina, Nuevo León. México. “Calar los límites” Centro\r\n cultural cinematográfico Charles Chaplin. La Habana,</p><p>“Volverán las oscuras golondrinas” memorial José \r\nMartí, La Habana, Cuba. “Rostros y Ciudad” Palacio del segundo Cabo, La \r\nHabana, Cuba.</p><p>“Rostros y Ciudad” Pabexpo, en la feria internacional del libro, La Habana 98. La Habana, Cuba.</p><p>o 1998: “Los Rostros del Calado” Galería Guernica, Casa del joven creador, Las Tunas, Cuba.</p><h3>EXPOSICIONES COLECTIVAS:</h3><p>o 2012: “Encuentro a lo sensible” Museo MARCO Monterrey, Nuevo León, México.</p>');

-- --------------------------------------------------------

--
-- Table structure for table `exhibition_section2`
--

CREATE TABLE IF NOT EXISTS `exhibition_section2` (
  `id` varchar(50) NOT NULL COMMENT '{"type": "@uid", "breadcrumbs":{"tablename":"Exhibitions", "submenu":"Exhibition Section2"}}',
  `filter_label` varchar(15) NOT NULL COMMENT '{"label": "Exhibition filter label"}',
  `section2_title` varchar(35) NOT NULL COMMENT '{"label": "Section2 Title"}',
  `section2_subtitle` varchar(40) NOT NULL COMMENT '{"label": "Section2 Subtitle"}',
  `section2_long_description` text NOT NULL COMMENT '{"type": "@redactor", "label": "Section2 Long Description"}',
  PRIMARY KEY (`id`)
) ENGINE=InnoDB DEFAULT CHARSET=latin1;

--
-- Dumping data for table `exhibition_section2`
--

INSERT INTO `exhibition_section2` (`id`, `filter_label`, `section2_title`, `section2_subtitle`, `section2_long_description`) VALUES
('b8b43446-9f56-2f14-e12a-3113e717eca9', 'Studies', 'Patricio Rodriguez', 'Studies', '<h3>ESTUDIO 1:</h3><p>Lorem ipsum dolor sit amet, consectetur adipisicing elit, sed do eiusmod</p><p>Lorem ipsum dolor sit amet, consectetur \r\nadipisicing elit, sed do eiusmod tempor incididunt ut labore et dolore \r\nmagna aliqua. Ut enim ad minim veniam, quis nostrud exercitation ullamco\r\n laboris nisi ut aliquip ex ea commodo consequat. Duis aute irure dolor \r\nin reprehenderit in voluptate velit esse</p><h3>ESTUDIO 2:</h3><p>Lorem ipsum dolor sit amet, consectetur adipisicing elit, sed do eiusmod</p>');

-- --------------------------------------------------------

--
-- Table structure for table `footer_catalog`
--

CREATE TABLE IF NOT EXISTS `footer_catalog` (
  `id` varchar(50) NOT NULL COMMENT '{"rows":3,"type": "@uid", "breadcrumbs":{"tablename":"Site Footer", "submenu":"Catalogs"}}',
  `file` varchar(255) NOT NULL COMMENT '{"type": "@file", "label": "Catalog File", "allowEmpty":false}',
  `title_file` varchar(255) NOT NULL COMMENT '{"label":"Catalog File Name"}',
  PRIMARY KEY (`id`)
) ENGINE=InnoDB DEFAULT CHARSET=latin1;

--
-- Dumping data for table `footer_catalog`
--

INSERT INTO `footer_catalog` (`id`, `file`, `title_file`) VALUES
('26aa2637-f9b6-40b4-1159-8e9d6e3c4512', '', 'openerp'),
('c0d3f98d-d3b7-edb4-f981-9a2eeb9e781c', '', 'metas');

-- --------------------------------------------------------

--
-- Table structure for table `footer_copyright`
--

CREATE TABLE IF NOT EXISTS `footer_copyright` (
  `id` varchar(50) NOT NULL COMMENT '{"rows": 1, "type": "@uid", "breadcrumbs":{"tablename":"Site Footer", "submenu":"Copy Right Information"}}',
  `copyright_text` varchar(70) NOT NULL COMMENT '{"label": "Copy Right Company Name"}',
  PRIMARY KEY (`id`)
) ENGINE=InnoDB DEFAULT CHARSET=latin1;

--
-- Dumping data for table `footer_copyright`
--

INSERT INTO `footer_copyright` (`id`, `copyright_text`) VALUES
('42f51253-4913-80f4-c1a4-c392a894652e', 'Patricio Rodriguez');

-- --------------------------------------------------------

--
-- Table structure for table `footer_menu`
--

CREATE TABLE IF NOT EXISTS `footer_menu` (
  `id` varchar(50) NOT NULL COMMENT '{"type": "@uid", "breadcrumbs":{"tablename":"Site Footer", "submenu":"Footer Menu Options"}}',
  `catalog_label` varchar(15) NOT NULL COMMENT '{"label": "Catalog Menu Label"}',
  `useful_link_labels` varchar(15) NOT NULL COMMENT '{"label": "Useful Links Menu Label"}',
  `resume_label` varchar(15) NOT NULL COMMENT '{"label": "Resume Menu Label"}',
  PRIMARY KEY (`id`)
) ENGINE=InnoDB DEFAULT CHARSET=latin1;

--
-- Dumping data for table `footer_menu`
--

INSERT INTO `footer_menu` (`id`, `catalog_label`, `useful_link_labels`, `resume_label`) VALUES
('bceba30c-9091-08f4-b55e-9b198b26ae46', 'catalog', 'useful links', 'resume');

-- --------------------------------------------------------

--
-- Table structure for table `footer_resume`
--

CREATE TABLE IF NOT EXISTS `footer_resume` (
  `id` varchar(50) NOT NULL COMMENT '{"rows": 1, "type": "@uid", "breadcrumbs":{"tablename":"Site Footer", "submenu":"Resume File"}}',
  `file` varchar(255) NOT NULL COMMENT '{"type": "@file", "label": "Upload Resume pdf file", "allowEmpty":false}',
  PRIMARY KEY (`id`)
) ENGINE=InnoDB DEFAULT CHARSET=latin1;

--
-- Dumping data for table `footer_resume`
--

INSERT INTO `footer_resume` (`id`, `file`) VALUES
('003b472f-a564-4b94-b9af-d7df48a18616', '');

-- --------------------------------------------------------

--
-- Table structure for table `footer_useful_links`
--

CREATE TABLE IF NOT EXISTS `footer_useful_links` (
  `id` varchar(50) NOT NULL COMMENT '{"rows":3,"type": "@uid", "breadcrumbs":{"tablename":"Site Footer", "submenu":"Useful Links"}}',
  `link_text` varchar(255) DEFAULT NULL COMMENT '{"label":"Link Label"}',
  `link_url` varchar(255) DEFAULT NULL COMMENT '{"type": "@url", "label":"Link Url"}',
  PRIMARY KEY (`id`)
) ENGINE=InnoDB DEFAULT CHARSET=latin1;

--
-- Dumping data for table `footer_useful_links`
--

INSERT INTO `footer_useful_links` (`id`, `link_text`, `link_url`) VALUES
('76555e0e-73cc-ec24-419c-37f59d6442cc', 'twitter', 'http://twitter.com'),
('e3b7e450-37f7-b6b4-3d56-15c92a4d5f46', 'facebook', 'http://facebook.com'),
('ef9f954d-c7d0-7fd4-f50d-d1cb9148ae69', 'google', 'http://gmail.com');

-- --------------------------------------------------------

--
-- Table structure for table `general_header_information`
--

CREATE TABLE IF NOT EXISTS `general_header_information` (
  `id` varchar(50) NOT NULL COMMENT '{"type": "@uid", "breadcrumbs":{"tablename":"Site Header", "submenu":"Site Logo"}}',
  `site_logo` varchar(50) DEFAULT NULL COMMENT '{"rows":1, "type":"recipeImg1", "label":"Site Logo", "dimensions": "388,43", "allowEmpty":false}',
  PRIMARY KEY (`id`)
) ENGINE=InnoDB DEFAULT CHARSET=latin1;

--
-- Dumping data for table `general_header_information`
--

INSERT INTO `general_header_information` (`id`, `site_logo`) VALUES
('747c2604-4224-e154-5916-c1712032045b', 'Site Logo');

-- --------------------------------------------------------

--
-- Table structure for table `general_tracking_codes`
--

CREATE TABLE IF NOT EXISTS `general_tracking_codes` (
  `id` varchar(50) NOT NULL COMMENT '{"type": "@uid", "rows":1, "breadcrumbs": {"tablename": "General tracking codes"}}',
  `source_code` text NOT NULL COMMENT '{"type": "@textarea", "label": "Source code"}',
  PRIMARY KEY (`id`)
) ENGINE=InnoDB DEFAULT CHARSET=latin1;

-- --------------------------------------------------------

--
-- Table structure for table `home_page`
--

CREATE TABLE IF NOT EXISTS `home_page` (
  `id` varchar(50) NOT NULL COMMENT '{"rows":5,"type": "@uid", "breadcrumbs":{"tablename":"Home", "submenu":"Home Page"}}',
  `image` varchar(50) DEFAULT NULL COMMENT '{"type":"recipeImg1", "label":"Banner Image", "dimensions": "1558,900", "allowEmpty":false}',
  `title` varchar(30) DEFAULT NULL COMMENT '{"label": "Banner Title"}',
  `sub_title` varchar(35) DEFAULT NULL COMMENT '{"label": "Banner Subtitle"}',
  `banner_link` varchar(255) DEFAULT NULL COMMENT '{"type": "@url", "label":"Banner Link"}',
  PRIMARY KEY (`id`)
) ENGINE=InnoDB DEFAULT CHARSET=latin1;

--
-- Dumping data for table `home_page`
--

INSERT INTO `home_page` (`id`, `image`, `title`, `sub_title`, `banner_link`) VALUES
('be0df759-35e3-6304-cd6a-a8dcee27b753', 'Img', 'Patricio Rodriguez', 'Art Gallery', 'http://patricio.com.dev'),
('efbb849e-3e87-de84-cdb5-4f7be1f3d54e', 'Img2', 'Patricio Rodriguez', 'Art Gallery', 'http://patricio.com.dev');

-- --------------------------------------------------------

--
-- Table structure for table `main_navegation_menu`
--

CREATE TABLE IF NOT EXISTS `main_navegation_menu` (
  `id` varchar(50) NOT NULL COMMENT '{"type": "@uid", "breadcrumbs":{"tablename":"Site Header", "submenu":"Navigation Menu"}}',
  `about_us` varchar(15) NOT NULL COMMENT '{"label": "About us text"}',
  `exhibitions` varchar(15) NOT NULL COMMENT '{"label": "Exhibitions text"}',
  `artwork` varchar(15) NOT NULL COMMENT '{"label": "ArtWork text"}',
  `contact_us` varchar(15) NOT NULL COMMENT '{"label": "Contact us text"}',
  `home` varchar(15) NOT NULL COMMENT '{"label": "home text"}',
  PRIMARY KEY (`id`)
) ENGINE=InnoDB DEFAULT CHARSET=latin1;

--
-- Dumping data for table `main_navegation_menu`
--

INSERT INTO `main_navegation_menu` (`id`, `about_us`, `exhibitions`, `artwork`, `contact_us`, `home`) VALUES
('9223fc98-cf94-0994-3125-e4b97a37a1b4', 'about', 'exhibitions', 'artwork', 'contact', 'home');

-- --------------------------------------------------------

--
-- Table structure for table `message`
--

CREATE TABLE IF NOT EXISTS `message` (
  `id` int(11) NOT NULL DEFAULT '0',
  `language` varchar(16) NOT NULL DEFAULT '',
  `translation` text,
  PRIMARY KEY (`id`,`language`),
  KEY `FKmessage767068` (`id`)
) ENGINE=InnoDB DEFAULT CHARSET=latin1;

--
-- Dumping data for table `message`
--

INSERT INTO `message` (`id`, `language`, `translation`) VALUES
(53, 'en', 'Create'),
(53, 'es', 'Crear nuevo'),
(56, 'en', 'List'),
(56, 'es', 'List'),
(71, 'en', 'Update'),
(71, 'es', 'Update'),
(72, 'es', 'Editar Usuario'),
(73, 'es', '¿Está seguro de que desea eliminar este elemento?'),
(74, 'en', 'Incorrect First Name (length between 3 and 50 characters).'),
(74, 'es', 'Incorrect First Name (length between 3 and 50 characters).'),
(75, 'en', 'Incorrect Last Name (length between 3 and 50 characters).'),
(75, 'es', 'Incorrect Last Name (length between 3 and 50 characters).'),
(76, 'en', 'User ID'),
(76, 'es', 'User ID'),
(77, 'en', 'First Name'),
(77, 'es', 'Nombres'),
(78, 'en', 'Last Name'),
(78, 'es', 'Apellidos'),
(81, 'en', 'Texto'),
(81, 'es', 'Texto'),
(88, 'en', 'Login'),
(88, 'es', 'Inicio de Sesión'),
(89, 'en', 'Remember me next time'),
(89, 'es', 'Recordarme más tarde'),
(90, 'en', 'username or email'),
(90, 'es', 'Nombre de Usuario o Email'),
(91, 'es', 'Registrar'),
(92, 'en', 'Lost Password?'),
(92, 'es', '¿Olvidó su contraseña?'),
(93, 'en', 'Profile'),
(93, 'es', 'Perfil'),
(94, 'en', 'Your profile'),
(94, 'es', 'Su perfil'),
(97, 'en', 'Edit'),
(97, 'es', 'Editar'),
(98, 'en', 'Edit profile'),
(98, 'es', 'Editar perfil'),
(99, 'en', 'Save'),
(99, 'es', 'Guardar'),
(143, 'en', 'Changes saved.'),
(143, 'es', 'Se han guardado los cambios.'),
(170, 'en', 'Choose {name}'),
(170, 'es', 'Seleccione {name}'),
(200, 'en', 'Change Password'),
(200, 'es', 'Change Password'),
(201, 'en', 'Minimal password length 4 symbols.'),
(201, 'es', 'La contraseña debe ser de mínimo cuatro caracteres.'),
(202, 'en', 'Retype Password is incorrect.'),
(202, 'es', 'La redigitación de la contraseña es incorrecta.'),
(204, 'en', 'Registration'),
(204, 'es', 'Registro'),
(205, 'en', 'Incorrect symbols (A-z0-9).'),
(205, 'es', 'Incorrect symbols (A-z0-9).'),
(206, 'en', 'Restore'),
(206, 'es', 'Restaurar'),
(207, 'es', 'Por favor digite su nombre de usuario o dirección de email.'),
(221, 'en', 'Changes is saved.'),
(221, 'es', 'Los cambios han sido guardados.'),
(225, 'en', 'Yes'),
(225, 'es', 'Yes'),
(226, 'en', 'No'),
(226, 'es', 'No'),
(240, 'es', 'Se han guardado los cambios, usted puede agregar otro elemento.'),
(273, 'en', 'You need an HTML capable viewer to read this message.'),
(273, 'es', 'You need an HTML capable viewer to read this message.'),
(274, 'en', 'SMTP Error: Could not authenticate.'),
(274, 'es', 'SMTP Error: Could not authenticate.'),
(275, 'en', 'SMTP Error: Could not connect to SMTP host.'),
(275, 'es', 'SMTP Error: Could not connect to SMTP host.'),
(276, 'en', 'SMTP Error: Data not accepted.'),
(276, 'es', 'SMTP Error: Data not accepted.'),
(277, 'en', 'Message body empty'),
(277, 'es', 'Message body empty'),
(278, 'en', 'Unknown encoding: '),
(278, 'es', 'Unknown encoding: '),
(279, 'en', 'Could not execute: '),
(279, 'es', 'Could not execute: '),
(280, 'en', 'Could not access file: '),
(280, 'es', 'Could not access file: '),
(281, 'en', 'File Error: Could not open file: '),
(281, 'es', 'File Error: Could not open file: '),
(282, 'en', 'The following From address failed: '),
(282, 'es', 'The following From address failed: '),
(283, 'en', 'Could not instantiate mail function.'),
(283, 'es', 'Could not instantiate mail function.'),
(284, 'en', 'Invalid address'),
(284, 'es', 'Invalid address'),
(285, 'en', ' mailer is not supported.'),
(285, 'es', ' mailer is not supported.'),
(286, 'en', 'You must provide at least one recipient email address.'),
(286, 'es', 'You must provide at least one recipient email address.'),
(287, 'en', 'SMTP Error: The following recipients failed: '),
(287, 'es', 'SMTP Error: The following recipients failed: '),
(288, 'en', 'Signing Error: '),
(288, 'es', 'Signing Error: '),
(289, 'en', 'SMTP Connect() failed.'),
(289, 'es', 'SMTP Connect() failed.'),
(290, 'en', 'SMTP server error: '),
(290, 'es', 'SMTP server error: '),
(291, 'en', 'Cannot set or reset variable: '),
(291, 'es', 'Cannot set or reset variable: '),
(315, 'en', 'Password is incorrect.'),
(315, 'es', 'La contraseña es incorrecta.'),
(360, 'en', 'Exit'),
(360, 'es', 'Salir'),
(361, 'en', 'Login'),
(361, 'es', 'Login'),
(362, 'es', 'Administrar Usuarios'),
(363, 'es', 'Administrar Textos'),
(364, 'es', 'Administrar SEO'),
(365, 'en', 'Inicio'),
(365, 'es', 'Inicio'),
(366, 'en', 'Atras'),
(366, 'en,es', 'Atras'),
(366, 'es', 'Atras'),
(367, 'es', 'Blog'),
(435, 'en', 'Assignments'),
(435, 'en,es', 'Assignments'),
(435, 'es', 'Asignaciones'),
(436, 'en', 'role|roles'),
(436, 'en,es', 'role|roles'),
(436, 'es', 'rol|roles'),
(437, 'en', 'task|tasks'),
(437, 'es', 'tarea|tareas'),
(438, 'en', 'operation|operations'),
(438, 'es', 'operación|operaciones'),
(440, 'en', 'No assignments found.'),
(440, 'es', 'No se encontraron asignaciones.'),
(441, 'en', 'User'),
(441, 'es', 'Usuario'),
(442, 'en', 'Assigned items'),
(442, 'es', 'Elementos asignados'),
(443, 'en', 'Permissions'),
(443, 'es', 'Permisos'),
(444, 'en', 'Items assigned to this user'),
(444, 'es', 'Elementos asignados a este usuario'),
(445, 'en', 'This user does not have any assignments.'),
(445, 'es', 'Este usuario no tiene asignaciones.'),
(446, 'en', 'Add {type}'),
(446, 'es', 'Agregar {type}'),
(447, 'en', 'No {type} found.'),
(447, 'es', '{type} no encontrado(s).'),
(448, 'en', 'System name'),
(448, 'es', 'Nombre de sistema'),
(449, 'en', 'Description'),
(449, 'es', 'Descripción'),
(450, 'en', 'View'),
(450, 'es', 'Ver'),
(451, 'en', 'Edit'),
(451, 'es', 'Editar'),
(452, 'en', 'Delete'),
(452, 'es', 'Eliminar'),
(453, 'en', 'Are you sure you want to delete this item?'),
(453, 'es', '¿Está seguro de querer eliminar este elemento?'),
(454, 'en', 'New {type}'),
(454, 'es', 'Nuevo {type}'),
(455, 'en', 'Business rule'),
(455, 'es', 'Regla de negocio'),
(456, 'en', 'Data'),
(456, 'es', 'Datos'),
(457, 'en', 'Type'),
(457, 'es', 'Tipo'),
(458, 'en', 'Create'),
(458, 'es', 'Crear'),
(459, 'en', 'Cancel'),
(459, 'es', 'Cancelar'),
(460, 'en', 'Ancestors'),
(460, 'es', 'Ancestros'),
(461, 'en', 'Permissions that inherit this item'),
(461, 'es', 'Permisos que hereda este elemento'),
(462, 'en', 'This item does not have any ancestors.'),
(462, 'es', 'Este elemento no tiene ancestros.'),
(463, 'en', 'Descendants'),
(463, 'es', 'Descendientes'),
(464, 'en', 'Permissions granted by this item'),
(464, 'es', 'Permisos otorgados a este elemento'),
(465, 'en', 'This item does not have any descendants.'),
(465, 'es', 'Este elemento no tiene descendientes.'),
(466, 'en', 'System name cannot be changed after creation.'),
(466, 'es', 'El nombre de sistema no puede cambiarse después de crearse.'),
(467, 'en', 'Save'),
(467, 'es', 'Guardar'),
(473, 'en', 'Permisos'),
(473, 'en,es', 'Permisos'),
(473, 'es', 'Permisos'),
(474, 'en', 'Select item'),
(474, 'es', 'Seleccionar elemento'),
(475, 'en', 'Assign permission'),
(475, 'es', 'Asignar permiso'),
(476, 'en', 'Assign'),
(476, 'es', 'Asignar'),
(477, 'en', 'Revoke'),
(480, 'en', 'Add child'),
(480, 'es', 'Agregar hijo'),
(481, 'en', 'Add'),
(481, 'es', 'Agregar'),
(487, 'en', 'Remove'),
(487, 'es', 'Eliminar'),
(554, 'en', 'html'),
(554, 'en,es', 'html'),
(554, 'es', 'html'),
(555, 'en', 'labels'),
(555, 'en,es', 'labels'),
(555, 'es', 'labels'),
(556, 'en', 'AuthModule.main'),
(556, 'en,es', 'AuthModule.main'),
(556, 'es', 'AuthModule.main'),
(558, 'es', 'bloq__models'),
(559, 'en', 'modules'),
(559, 'en,es', 'modules'),
(559, 'es', 'modules'),
(560, 'en', 'irtext__models'),
(560, 'en,es', 'irtext__models'),
(560, 'es', 'irtext__models'),
(561, 'en', 'irseo__models'),
(561, 'en,es', 'irseo__models'),
(561, 'es', 'irseo__models'),
(562, 'en', 'irseo__menus'),
(562, 'en,es', 'irseo__menus'),
(562, 'es', 'irseo__menus'),
(566, 'en', 'ID'),
(566, 'en,es', 'ID'),
(566, 'es', 'ID'),
(567, 'en', 'Categoría'),
(567, 'en,es', 'Categoría'),
(567, 'es', 'Categoría'),
(568, 'en', 'Texto'),
(568, 'en,es', 'Texto'),
(568, 'es', 'Texto'),
(569, 'en', 'categories'),
(569, 'en,es', 'categories'),
(569, 'es', 'categories'),
(570, 'en', 'irtext__labels'),
(570, 'en,es', 'irtext__labels'),
(570, 'es', 'irtext__labels'),
(571, 'en', 'texto'),
(571, 'es', 'texto'),
(572, 'en', 'Save'),
(572, 'es', 'Save'),
(573, 'en', 'irtext__buttons'),
(573, 'en,es', 'irtext__buttons'),
(573, 'es', 'irtext__buttons'),
(584, 'en', 'SEO URLs'),
(584, 'es', 'SEO URLs'),
(585, 'en', 'URLs'),
(585, 'es', 'URLs'),
(586, 'en', 'SEO'),
(586, 'es', 'SEO'),
(587, 'en', 'SEO'),
(587, 'es', 'SEO'),
(588, 'en', 'Administracion'),
(588, 'es', 'Administracion'),
(589, 'en', 'Usuarios'),
(589, 'es', 'Usuarios'),
(590, 'en', 'Textos'),
(590, 'es', 'Textos'),
(591, 'en', 'Autenticación Hibrida'),
(591, 'es', 'Autenticación Hibrida'),
(592, 'en', 'Usuario'),
(592, 'es', 'Usuario'),
(593, 'en', 'Perfil'),
(593, 'en,es', 'Perfil'),
(593, 'es', 'Perfil'),
(594, 'en', 'Editar'),
(594, 'es', 'Editar'),
(595, 'en', 'Cambiar Contraseña'),
(595, 'es', 'Cambiar Contraseña'),
(596, 'es', 'FrontEnd'),
(597, 'en', 'Ir al Inicio'),
(597, 'es', 'Ir al Inicio'),
(598, 'en', 'Enter username and password to continue.'),
(598, 'es', 'Enter username and password to continue.'),
(599, 'en', 'E-mail'),
(599, 'es', 'Correo electrónico'),
(600, 'en', 'password'),
(600, 'es', 'Contraseña'),
(601, 'en', 'Enter your e-mail address below and we will send you instructions how to recover a password.'),
(601, 'es', 'Enter your e-mail address below and we will send you instructions how to recover a password.'),
(602, 'en', 'Back to login'),
(602, 'es', 'Back to login'),
(603, 'en', 'username'),
(603, 'es', 'Nombre de Usuario'),
(604, 'en', 'Retype Password'),
(604, 'es', 'Redigite la contraseña'),
(605, 'en', 'Verification Code'),
(605, 'es', 'Código de verificación'),
(606, 'en', 'Id'),
(606, 'es', 'Id'),
(607, 'en', 'activation key'),
(607, 'es', 'Clave de activación'),
(608, 'en', 'Registration date'),
(608, 'es', 'Fecha de registro'),
(609, 'en', 'Last visit'),
(609, 'es', 'Última visita'),
(610, 'en', 'Superuser'),
(610, 'es', 'Superusuario'),
(611, 'en', 'Status'),
(611, 'es', 'Estado'),
(612, 'en', 'Not active'),
(612, 'es', 'Inactivo'),
(613, 'en', 'Active'),
(613, 'es', 'Activo'),
(614, 'en', 'Banned'),
(614, 'es', 'Banned'),
(615, 'en', 'No'),
(615, 'es', 'No'),
(616, 'en', 'Yes'),
(616, 'es', 'Sí'),
(617, 'en', 'Administración'),
(617, 'es', 'Administración'),
(618, 'en', 'Create'),
(618, 'es', 'Crear'),
(619, 'en', 'ID'),
(619, 'es', 'ID'),
(620, 'en', 'SEO URL'),
(620, 'es', 'SEO URL'),
(621, 'en', 'Distinguir mayúsculas de minúsculas'),
(621, 'es', 'Distinguir mayúsculas de minúsculas'),
(622, 'en', 'Ruta'),
(622, 'es', 'Ruta'),
(623, 'en', 'Parámetros'),
(623, 'es', 'Parámetros'),
(624, 'en', 'Surfijo'),
(624, 'es', 'Surfijo'),
(625, 'en', 'Parámetros por defecto'),
(625, 'es', 'Parámetros por defecto'),
(626, 'en', 'Valor'),
(626, 'es', 'Valor'),
(627, 'en', 'Verbo'),
(627, 'es', 'Verbo'),
(628, 'en', 'Solo parsear'),
(628, 'es', 'Solo parsear'),
(629, 'en', 'Preferencias'),
(629, 'es', 'Preferencias'),
(630, 'en', 'Patrón de la Ruta'),
(630, 'es', 'Patrón de la Ruta'),
(631, 'en', 'Plantilla'),
(631, 'es', 'Plantilla'),
(632, 'en', 'Añadir'),
(632, 'es', 'Añadir'),
(633, 'en', 'Tiene información de servidor'),
(633, 'es', 'Tiene información de servidor'),
(634, 'en', 'SEO Title'),
(634, 'es', 'SEO Title'),
(635, 'en', 'SEO Description'),
(635, 'es', 'SEO Description'),
(636, 'en', 'SEO Palabras clave'),
(636, 'es', 'SEO Palabras clave'),
(637, 'en', 'url'),
(637, 'es', 'url'),
(638, 'en', 'Edit {name}'),
(638, 'es', 'Editar {name}'),
(639, 'en', 'Save'),
(639, 'es', 'Guardar'),
(640, 'en', 'Save and add another'),
(640, 'es', 'Guardar y agregar otro'),
(641, 'en', 'Save and continue editing'),
(641, 'es', 'Guardar y continuar editando'),
(642, 'en', 'Delete'),
(642, 'es', 'Eliminar'),
(643, 'en', 'Are you sure you want to delete this item?'),
(643, 'es', '¿Está seguro que desea eliminarlo?'),
(644, 'es', 'Shop'),
(645, 'es', 'Categories'),
(646, 'en', 'Product Specification'),
(646, 'es', 'Especificación del Producto'),
(647, 'es', 'Taxes'),
(648, 'en', 'Shipping Methods'),
(648, 'es', 'Metodos de entrega'),
(649, 'en', 'Payment Methods'),
(649, 'es', 'Metodo de pago'),
(650, 'es', 'Orders'),
(651, 'en', 'Products'),
(651, 'es', 'Productos'),
(652, 'es', 'Manage'),
(653, 'es', 'Category'),
(654, 'es', 'Parent'),
(655, 'es', '<i class="icon-plus" /></i> Create a new Category'),
(656, 'es', 'Product'),
(657, 'es', 'images'),
(658, 'es', 'Title'),
(659, 'es', 'Description'),
(660, 'es', 'Price'),
(661, 'es', '<i class="icon-plus" /></i> Product'),
(662, 'es', 'Categories'),
(663, 'es', 'Create'),
(664, 'es', 'Manage Categories'),
(665, 'es', 'Create Category'),
(666, 'es', 'Root level'),
(667, 'es', 'Update Category'),
(668, 'es', 'Delete Category'),
(669, 'es', 'Are you sure you want to delete this item?'),
(670, 'es', 'Language'),
(671, 'es', 'Seo Url ID'),
(672, 'es', 'SEO URL'),
(673, 'es', 'SEO Title'),
(674, 'es', 'SEO Keywords'),
(675, 'es', 'SEO Description'),
(676, 'es', 'Buscar'),
(677, 'es', 'Agregar'),
(678, 'en', 'URL'),
(678, 'es', 'URL'),
(679, 'en', 'title'),
(679, 'es', 'title'),
(680, 'en', 'description'),
(680, 'es', 'description'),
(681, 'en', 'keywords'),
(681, 'es', 'keywords'),
(682, 'en', 'SEO Metas'),
(682, 'es', 'SEO Metas'),
(683, 'es', 'Search'),
(684, 'es', 'Update'),
(685, 'es', 'View Category'),
(686, 'es', 'Manage Category'),
(687, 'es', 'Save'),
(688, 'en', 'Product'),
(688, 'es', 'Producto'),
(689, 'es', 'Create'),
(690, 'es', 'Manage Products'),
(691, 'es', 'Create a new Product'),
(692, 'es', 'Product Information'),
(693, 'es', 'Select any category'),
(694, 'es', 'Product Specifications'),
(695, 'es', 'Seo'),
(696, 'es', 'Create Product'),
(697, 'es', 'Update Product'),
(698, 'es', 'Delete Product'),
(699, 'es', 'Manage Images'),
(700, 'es', 'Tax'),
(701, 'es', 'Images Gallery'),
(702, 'es', '<i class="icon-picture" /></i> Manage Images'),
(703, 'es', 'no image'),
(704, 'es', 'External system ID'),
(705, 'es', 'Products'),
(706, 'es', 'All products'),
(707, 'es', 'All prices are including VAT'),
(708, 'es', 'All prices excluding shipping costs'),
(709, 'es', 'Available shipping methods'),
(710, 'es', 'show product'),
(711, 'es', 'Product Categories'),
(712, 'es', 'Administration'),
(713, 'es', 'Shop'),
(714, 'es', 'Article categories'),
(715, 'es', 'Article specifications'),
(716, 'es', 'Articles'),
(717, 'es', 'Shipping methods'),
(718, 'es', 'Payment methods'),
(719, 'es', 'Orders'),
(720, 'es', 'Amount'),
(721, 'es', 'Add to shopping Cart'),
(722, 'es', 'The product has been added to the shopping cart'),
(723, 'es', 'Shopping cart'),
(724, 'es', 'Price total: {total}'),
(725, 'es', 'All prices are including VAT: {vat}'),
(726, 'es', 'Customer information'),
(727, 'es', 'Shipping'),
(728, 'es', 'Payment'),
(729, 'es', 'Confirm'),
(730, 'es', 'Success'),
(731, 'es', 'Image'),
(732, 'es', 'Variation'),
(733, 'es', 'Price Single'),
(734, 'es', 'Sum'),
(735, 'es', 'Actions'),
(736, 'es', 'Remove'),
(737, 'es', 'Are you sure?'),
(738, 'es', 'Buy additional Products'),
(739, 'es', 'Buy this products'),
(740, 'es', 'Customers'),
(741, 'es', 'Register as a new Customer'),
(742, 'es', 'Please enter your Customer information'),
(743, 'es', 'I am a registered customer'),
(744, 'es', 'here'),
(745, 'es', 'Click {link} if you are already registered'),
(746, 'es', 'I am a new customer'),
(747, 'es', 'Registration information'),
(748, 'es', 'Firstname'),
(749, 'es', 'Lastname'),
(750, 'es', 'Street'),
(751, 'es', 'Zipcode'),
(752, 'es', 'City'),
(753, 'es', 'Country'),
(754, 'es', 'Customer'),
(755, 'es', 'Userid'),
(756, 'es', 'Address'),
(757, 'es', 'Billing Address'),
(758, 'es', 'Delivery Address'),
(759, 'es', 'Email'),
(762, 'en', 'Logout'),
(762, 'en,es', 'Logout'),
(763, 'en', 'Incorrect username (length between 3 and 20 characters).'),
(764, 'en', 'Incorrect password (minimal length 4 symbols).'),
(765, 'en', 'This user''s name already exists.'),
(766, 'en', 'This user''s email adress already exists.'),
(769, 'en', 'Important !!'),
(770, 'en', '<small>Fields with <span class="required">*</span> are required.</small>'),
(801, 'en', 'Textos'),
(802, 'en', 'Administración'),
(803, 'en', 'password'),
(804, 'en', 'AboutContents'),
(804, 'es', 'About Contents'),
(805, 'en', 'ID'),
(806, 'en', 'Title'),
(807, 'en', 'Short Description'),
(808, 'en', 'Full Description'),
(809, 'en', 'Buscar AboutContents'),
(810, 'en', 'aboutcontent'),
(811, 'en', '<i class="glyphicon glyphicon-plus" /></i>Agregar aboutcontent'),
(812, 'en', 'Los datos han sido almacenados satisfactoriamente'),
(813, 'en', 'Agregar'),
(814, 'en', 'Create {name}'),
(815, 'en', 'Salvar aboutcontent'),
(816, 'en', 'Borrar formulario'),
(817, 'en', 'Lo sentimos ha ocurrido un error al salvar el elemento.'),
(818, 'en', '<i class="glyphicon glyphicon-remove" /></i>Eliminar aboutcontent'),
(819, 'en', 'El elemento se ha salvado satisfactoriamente.'),
(820, 'en', 'Enter'),
(821, 'en', '<i class="glyphicon glyphicon-briefcase" /></i>Gestionar AboutContents'),
(822, 'en', '<i class="glyphicon glyphicon-saved" /></i>Actualizar aboutcontent'),
(823, 'en', 'Active'),
(824, 'en', 'No'),
(825, 'en', 'Yes'),
(826, 'en', 'All'),
(827, 'en', 'Yes'),
(828, 'en', 'Select'),
(829, 'en', 'Los cambios han sido almacenados satisfactoriamente.'),
(830, 'en', 'No'),
(831, 'en', 'El elemento fue eliminado satisfactoriamente.'),
(832, 'en', 'About Us'),
(832, 'en,es', 'About Us'),
(833, 'en', 'About Images'),
(834, 'en', 'AboutImages'),
(835, 'en', 'Image Alt'),
(836, 'en', 'Position'),
(837, 'en', 'About Content'),
(838, 'en', 'Por favor, introduzca un image_alt'),
(839, 'en', 'Por favor, introduzca un position'),
(840, 'en', 'Buscar AboutImages'),
(841, 'en', 'aboutimage'),
(842, 'en', '<i class="glyphicon glyphicon-plus" /></i>Agregar aboutimage'),
(843, 'en', 'Salvar aboutimage'),
(844, 'en', '<i class="glyphicon glyphicon-remove" /></i>Eliminar aboutimage'),
(845, 'en', '<i class="glyphicon glyphicon-plus" /></i>Add item'),
(846, 'en', 'The data was save with success'),
(847, 'en', '<i class="glyphicon glyphicon-briefcase" /></i>Manage item'),
(848, 'en', '<i class="glyphicon glyphicon-saved" /></i>Update item'),
(849, 'en', '<i class="glyphicon glyphicon-remove" /></i>Remove item'),
(850, 'en', 'Data was saved with success'),
(851, 'en', 'Back'),
(852, 'en', 'Save item'),
(853, 'en', 'Reset form'),
(854, 'en', 'Please, insert image_alt'),
(855, 'en', 'Please, insert position'),
(856, 'en', 'Please, select about_content_id'),
(857, 'en', 'Please, select the picture'),
(858, 'en', 'aboutContent'),
(859, 'en', 'Image'),
(860, 'en', 'Banner Slide'),
(860, 'en,es', 'Banner Slide'),
(861, 'en', 'Service Content'),
(862, 'en', 'Service Images'),
(863, 'en', 'Gallery'),
(863, 'en,es', 'Gallery'),
(864, 'en', 'BannerSlides'),
(865, 'en', 'Content Title'),
(866, 'en', 'Content Description'),
(867, 'en', 'Buscar BannerSlides'),
(868, 'en', 'Create gallery for About Us'),
(869, 'en', 'Please, select position'),
(870, 'en', 'Edit gallery for About Us'),
(871, 'en', 'About Content'),
(872, 'en', 'Create About Content'),
(873, 'en', 'Add'),
(874, 'en', 'Edit'),
(874, 'en,es', 'Edit'),
(875, 'en', 'Edit About Content'),
(876, 'en', 'View'),
(877, 'en', 'Service Content'),
(878, 'en', 'Container Title'),
(879, 'en', 'Service Title'),
(880, 'en', 'Service Description'),
(881, 'en', 'servicecontents'),
(882, 'en', 'Buscar servicecontents'),
(883, 'en', 'Home'),
(883, 'en,es', 'Home'),
(884, 'en', 'Enterprise'),
(885, 'en', 'System Company'),
(886, 'en', 'ID'),
(887, 'en', 'Name'),
(888, 'en', 'Description'),
(889, 'en', 'Mision'),
(890, 'en', 'Vision'),
(891, 'en', 'Phone'),
(892, 'en', 'Fax'),
(893, 'en', 'Url'),
(894, 'en', 'Email'),
(895, 'en', 'Full Adress'),
(896, 'en', 'Longitude'),
(897, 'en', 'Latitude'),
(898, 'en', 'Terms Conditions'),
(899, 'en', 'Shared Facebook'),
(900, 'en', 'Shared Google'),
(901, 'en', 'Shared Twitter'),
(902, 'en', 'Shared Instagram'),
(903, 'en', 'Logo'),
(904, 'en', 'systemcompanies'),
(905, 'en', 'Buscar systemcompanies'),
(906, 'en', 'Create System Company'),
(907, 'en', 'Phone Number'),
(908, 'en', 'Fax Number'),
(909, 'en', 'Edit System Company'),
(910, 'en', 'View System Company'),
(911, 'en', 'Please, select logo'),
(912, 'en', 'Logo'),
(913, 'en', 'Profile'),
(913, 'en,es', 'Profile'),
(914, 'en', 'Change password'),
(914, 'en,es', 'Change password'),
(915, 'en', 'Administration'),
(915, 'en,es', 'Administration'),
(916, 'en', 'Users'),
(916, 'en,es', 'Users'),
(917, 'en', 'Texts'),
(917, 'en,es', 'Texts'),
(918, 'en', 'Hybrid auth'),
(919, 'en', 'Permissions'),
(919, 'en,es', 'Permissions'),
(920, 'en', 'Assigns'),
(920, 'en,es', 'Assigns'),
(921, 'en', 'Roles'),
(921, 'en,es', 'Roles'),
(922, 'en', 'Tasks'),
(923, 'en', 'Operations'),
(924, 'en', 'Seo'),
(925, 'en', 'Seo Url'),
(926, 'en', 'URLs'),
(927, 'en', 'Welcome to '),
(928, 'en', ' Backend'),
(929, 'en', 'Go to Home'),
(930, 'en', 'Service Image'),
(931, 'en', 'Service Hover'),
(932, 'en', 'Please, insert service_hover'),
(933, 'en', 'Service 1'),
(934, 'en', 'Service 2'),
(935, 'en', 'Service 3'),
(936, 'en', 'Service 4'),
(937, 'en', 'serviceimages'),
(938, 'en', 'Buscar serviceimages'),
(939, 'en', 'Create Service Image'),
(940, 'en', 'Gallery'),
(941, 'en', 'Image Title'),
(942, 'en', 'galleries'),
(943, 'en', 'Buscar galleries'),
(944, 'en', 'Create Gallery'),
(945, 'en', 'Banner Slide'),
(946, 'en', 'bannerslide'),
(947, 'en', 'Create Banner Slide'),
(948, 'en', 'Edit Banner Slide'),
(949, 'en', 'Gallery for About Us'),
(950, 'en', 'Create Service Content'),
(951, 'en', 'Edit Service Content'),
(952, 'en', 'View Service Content'),
(953, 'en', 'The requested page does not exist.'),
(954, 'en', 'Items'),
(955, 'en', 'UserModule.user'),
(955, 'en,es', 'UserModule.user'),
(956, 'en', 'app'),
(956, 'en,es', 'app'),
(957, 'en', 'seo'),
(957, 'en,es', 'seo'),
(958, 'en', 'YcmModule.ycm'),
(958, 'en,es', 'YcmModule.ycm'),
(959, 'en', 'core'),
(959, 'en,es', 'core'),
(960, 'en', 'YiiMailer'),
(960, 'en,es', 'YiiMailer'),
(961, 'en', 'irseo__labels'),
(961, 'en,es', 'irseo__labels'),
(962, 'en', 'ShopModule.shop'),
(962, 'en,es', 'ShopModule.shop'),
(963, 'en', 'irseo__buttons'),
(963, 'en,es', 'irseo__buttons'),
(964, 'en', 'shop'),
(964, 'en,es', 'shop'),
(965, 'en', 'HOAuthAction.root'),
(965, 'en,es', 'HOAuthAction.root'),
(966, 'en', 'theme__models'),
(966, 'en,es', 'theme__models'),
(967, 'en', 'theme__labels'),
(967, 'en,es', 'theme__labels'),
(968, 'en', 'TbEditableField.editable'),
(968, 'en,es', 'TbEditableField.editable'),
(969, 'en', 'sideMenu'),
(969, 'en,es', 'sideMenu'),
(970, 'en', 'entity__labels'),
(970, 'en,es', 'entity__labels'),
(971, 'en', 'entity__models'),
(971, 'en,es', 'entity__models'),
(972, 'en', 'giix'),
(972, 'en,es', 'giix'),
(973, 'en', 'Administración'),
(973, 'es', 'Administración'),
(974, 'en', 'View Service Image'),
(975, 'en', 'Legend'),
(976, 'en', 'Position Legend'),
(977, 'en', 'Edit Service Image'),
(978, 'en', 'Edit Gallery'),
(979, 'en', 'Shared Youtube'),
(980, 'en', 'read more'),
(981, 'en', 'Services'),
(982, 'en', '<p>is simply dummy text of the printing and typesetting industry. Lorem \r\nIpsum has been the industry''s stan dard dummy text ever since the 1500s,\r\n when an unknown printer took a galley of type and scrambled it to make a\r\n type specimen book. It has survived not only ?ve centuries, but also \r\nthe leap into electronic typesetting, remaining essentially unchanged. \r\nIt was popularised in the 1960s with the release of</p>'),
(983, 'en', '<p>is simply dummy text of the printing and typesetting industry. Lorem \r\nIpsum has been the industry''s stan dard dummy text ever since the 1500s,\r\n when an unknown printer took a galley of type and scrambled it to make a\r\n type specimen book. It has survived not only ?</p>'),
(984, 'en', NULL),
(985, 'en', '<p>Lorem\r\n Ipsum is simply dummy text of the printing and typesetting industry. \r\nLorem Ipsum has been the industry''s standard dummy text ever since the \r\n1500s, when an unknown printer took a galley of type and scrambled it to\r\n make a type specimen book. It has survived not only five centuries, but\r\n also the leap into electronic typesetting, remaining essentially \r\nunchanged. It was popularised in the 1960s with the release of Letraset \r\nsheets containing Lorem Ipsum passages, and more recently</p>'),
(986, 'en', '<p>Lorem Ipsum has been the industry''s standard dummy text ever \r\nsince the 1500s, when an unknown printer took a galley of type and \r\nscrambled it to make a type specimen book. It has survived not only five\r\n centuries, but also the leap into electronic typesetting, remaining \r\nessentially unchanged. It was popularised in the 1960s with the release \r\nof Letraset sheets containing Lorem Ipsum passages, and more recently</p>'),
(987, 'en', 'Other Service'),
(988, 'en', 'Other Service'),
(988, 'en,es', 'Other Service'),
(989, 'en', 'Footer Links'),
(990, 'en', 'OtherServices'),
(991, 'en', 'Description'),
(992, 'en', 'Buscar OtherServices'),
(993, 'en', 'otherservice'),
(994, 'en', 'Other Services'),
(995, 'en', 'View Other Service'),
(996, 'en', 'Edit Other Service'),
(997, 'en', 'Footer Links'),
(998, 'en', 'Link Text'),
(999, 'en', 'Link Url'),
(1000, 'en', 'footerlinks'),
(1001, 'en', 'Buscar footerlinks'),
(1002, 'en', 'Create Footer Links'),
(1003, 'en', 'View Gallery'),
(1004, 'en', 'Exciting'),
(1005, 'en', 'Visit Us'),
(1006, 'en', 'Call Us'),
(1007, 'en', 'E-mail us'),
(1008, 'en', 'Contact Us Today !'),
(1009, 'en', 'WEBSITE CREATED BY'),
(1010, 'en', 'CONTACT INFO'),
(1011, 'en', 'USEFUL LINKS'),
(1012, 'en', 'FOLLOW US'),
(1013, 'en', 'Copyright'),
(1014, 'en', 'Powered by'),
(1015, 'en', 'All Right Reserved'),
(1016, 'en', 'Sorry, we have some problem with our server'),
(1017, 'en', 'Contact Us'),
(1018, 'en', 'Mensaje de: '),
(1019, 'en', 'Thanks you for contact us. We answer you as soon as possible.'),
(1020, 'en', 'You made a not valid POST request, we have some problem with our server'),
(1021, 'en', 'Delete confirmation'),
(1022, 'en', 'Update mix'),
(1023, 'en', 'Preview mix'),
(1024, 'en', 'Adjust thumbnail cropping'),
(1025, 'en', 'Apply cropping'),
(1026, 'en', 'Cancel cropping'),
(1027, 'en', 'error'),
(1028, 'en', 'cropX'),
(1029, 'en', 'cropY'),
(1030, 'en', 'cropW'),
(1031, 'en', 'cropH'),
(1032, 'en', '<i class="glyphicon glyphicon-picture" /></i>Crop Image'),
(1033, 'en', 'Crop'),
(1034, 'en', 'Crop Image'),
(1035, 'en', 'Sorry, we have an error.'),
(1036, 'en', 'The image was cropped.'),
(1037, 'en', 'Error, had been an error savind the item.'),
(1038, 'en', 'Created'),
(1039, 'en', 'Updated'),
(1040, 'en', 'Owner'),
(1041, 'en', 'About Image'),
(1042, 'en', 'Level'),
(1043, 'en', 'Level'),
(1044, 'en', 'Incorrect symbols (A-Za-z0-9 áéíóúÁÉÍÓÚÀÈÌÒÙàèìòùäëïöüâêîôû&Çç).'),
(1045, 'en', 'Users'),
(1046, 'en', 'Manage User'),
(1047, 'en', 'Create User'),
(1048, 'en', 'Not visited'),
(1049, 'en', 'Navigation Menu'),
(1049, 'en,es', 'Navigation Menu'),
(1050, 'en', 'NavegationMenus'),
(1051, 'en', 'About Us'),
(1052, 'en', 'Services'),
(1053, 'en', 'Service1'),
(1054, 'en', 'Service2'),
(1055, 'en', 'Service3'),
(1056, 'en', 'Service4'),
(1057, 'en', 'Contact Us'),
(1058, 'en', 'Facebook'),
(1059, 'en', 'Twitter'),
(1060, 'en', 'Youtube'),
(1061, 'en', 'Google'),
(1062, 'en', 'Buscar NavegationMenus'),
(1063, 'en', 'navegationmenu'),
(1064, 'en', 'Google++'),
(1065, 'en', 'Navigation Menu'),
(1066, 'en', 'Create a Navigation Menu'),
(1067, 'en', 'Update'),
(1068, 'en', 'Update Navigation Menu'),
(1069, 'en', 'View Navigation Menu'),
(1070, 'en', 'Subtitle'),
(1071, 'en', 'Long Description'),
(1072, 'en', 'Sorry, had been an error to save the item.'),
(1073, 'en', '<i class="glyphicon glyphicon-picture" /></i>Add Pictures'),
(1074, 'en', 'The element was saved with success'),
(1075, 'en', 'Image Left'),
(1076, 'en', 'Image Center'),
(1077, 'en', 'Image Right'),
(1078, 'en', 'Image Left'),
(1079, 'en', 'Image Center'),
(1080, 'en', 'Image Right'),
(1081, 'en', 'Left Image Alt'),
(1082, 'en', 'Center Image Alt'),
(1083, 'en', 'Right Image Alt'),
(1084, 'en', 'Please, insert image_alt for image 1'),
(1085, 'en', 'Please, insert image_alt for image 2'),
(1086, 'en', 'Please, insert image_alt for image 3'),
(1087, 'en', 'Services'),
(1087, 'en,es', 'Services'),
(1088, 'en', 'Services Images'),
(1088, 'en,es', 'Services Images'),
(1089, 'en', 'Service 1sdfsdfsdfsfasfsd'),
(1090, 'en', 'Website Created By ThruAds.com'),
(1091, 'en', 'Contact Us'),
(1091, 'en,es', 'Contact Us'),
(1092, 'en', '<p>safsdfsdf</p>'),
(1093, 'en', 'Please, insert service title'),
(1094, 'en', 'Please, insert title'),
(1095, 'en', 'ContactUses'),
(1096, 'en', 'Company Name'),
(1097, 'en', 'Phone'),
(1098, 'en', 'Email'),
(1099, 'en', 'Full Adress'),
(1100, 'en', 'Longitude'),
(1101, 'en', 'Latitude'),
(1102, 'en', 'Please, insert longitude'),
(1103, 'en', 'Please, insert latitude'),
(1104, 'en', 'Buscar ContactUses'),
(1105, 'en', 'contactus'),
(1106, 'en', 'Contact Email'),
(1107, 'en', 'Form Contact Email'),
(1108, 'en', 'Create Contact Us'),
(1109, 'en', 'Update Contact Us'),
(1110, 'en', 'Service 1'),
(1111, 'en', 'Service 2'),
(1112, 'en', 'Service 3'),
(1113, 'en', 'Service 4'),
(1114, 'en', 'Shared Facebook URL'),
(1115, 'en', 'Shared Twitter URL'),
(1116, 'en', 'Shared Youtube URL'),
(1117, 'en', 'Shared Google++ URL'),
(1118, 'en', 'Other Tab'),
(1119, 'en', 'Please, insert About Us Title'),
(1120, 'en', 'Please, insert Service 1 Title'),
(1121, 'en', 'Please, insert Service 2 Title'),
(1122, 'en', 'Please, insert Service 3 Title'),
(1123, 'en', 'Please, insert Service 4 Title'),
(1124, 'en', 'Please, insert Other Tab Title'),
(1125, 'en', 'Please, insert Contact Us Title'),
(1126, 'en', 'Please, insert Facebook URL'),
(1127, 'en', 'Please, insert Twitter URL'),
(1128, 'en', 'Please, insert YOUTUBE URL'),
(1129, 'en', 'Please, insert Google ++ URL'),
(1130, 'en', 'Please, insert a Title'),
(1131, 'en', 'Please, insert a Subtitle'),
(1132, 'en', 'View Contact Us'),
(1133, 'en', 'Please, insert Company Name'),
(1134, 'en', 'Link1 Text'),
(1135, 'en', 'Link1 Url'),
(1136, 'en', 'Link2 Text'),
(1137, 'en', 'Link2 Url'),
(1138, 'en', 'Link3 Text'),
(1139, 'en', 'Link3 Url'),
(1140, 'en', 'File1'),
(1141, 'en', 'Title File1'),
(1142, 'en', 'File2'),
(1143, 'en', 'Title File2'),
(1144, 'en', 'File3'),
(1145, 'en', 'Title File3'),
(1146, 'en', 'Compay Name'),
(1147, 'en', 'footerlink'),
(1148, 'en', 'Please, insert Title for link 1'),
(1149, 'en', 'Please, insert URL for link 1'),
(1150, 'en', 'Please, insert Title for link 2'),
(1151, 'en', 'Please, insert URL for link 2'),
(1152, 'en', 'Please, insert Title for link 3'),
(1153, 'en', 'Please, insert URL for link 3'),
(1154, 'en', 'Only PDF file are available'),
(1155, 'en', 'Please, insert Title for file 1'),
(1156, 'en', 'Please, insert Title for file 2'),
(1157, 'en', 'Please, insert Title for file 3'),
(1158, 'en', 'Link 1 Title'),
(1159, 'en', 'Link 1 Url'),
(1160, 'en', 'Link 2 Title'),
(1161, 'en', 'Link 2 Url'),
(1162, 'en', 'Link 3 Title'),
(1163, 'en', 'Link 3 Url'),
(1164, 'en', 'File 1'),
(1165, 'en', 'Title File 1'),
(1166, 'en', 'File 2'),
(1167, 'en', 'Title File 2'),
(1168, 'en', 'File 3'),
(1169, 'en', 'Title File 3'),
(1170, 'en', 'The changes had been saved with success'),
(1171, 'en', 'Download'),
(1172, 'en', 'Footer'),
(1172, 'en,es', 'Footer'),
(1173, 'en', 'Footer'),
(1174, 'en', 'SEO'),
(1174, 'en,es', 'SEO'),
(1175, 'en', 'SEO URL'),
(1176, 'en', 'View Footer'),
(1177, 'en', 'theme__menus'),
(1177, 'en,es', 'theme__menus'),
(1178, 'en', 'promoter'),
(1178, 'en,es', 'promoter'),
(1179, 'en', 'Textos'),
(1180, 'en', 'Lenguaje'),
(1181, 'en', 'Traducción'),
(1182, 'en', 'Home Page'),
(1183, 'en', 'About Us'),
(1184, 'en', 'Services(General Pages)'),
(1185, 'en', 'General Information'),
(1186, 'en', 'Details per Service'),
(1187, 'en', 'Services Page'),
(1188, 'en', 'General Info'),
(1189, 'en', 'First Images Section'),
(1190, 'en', 'Second Images Section'),
(1191, 'en', 'Downloads Documents'),
(1192, 'en', 'Useful Links'),
(1193, 'en', 'Power by'),
(1194, 'en', 'Slide'),
(1195, 'en', 'Service 1 Title'),
(1196, 'en', 'Service 1 Short Description'),
(1197, 'en', 'Service 2 Title'),
(1198, 'en', 'Service 2 Short Description'),
(1199, 'en', 'Service 3 Title'),
(1200, 'en', 'Service 3 Short Description'),
(1201, 'en', 'Service 4 Title'),
(1202, 'en', 'Service 4 Short Description'),
(1203, 'en', 'servicecontent'),
(1204, 'en', 'Please, insert service_title1'),
(1205, 'en', 'Please, insert service_title2'),
(1206, 'en', 'Please, insert service_title3'),
(1207, 'en', 'Please, insert service_title4'),
(1208, 'en', 'Please, insert title for service 1'),
(1209, 'en', 'Please, insert title for service 2'),
(1210, 'en', 'Please, insert title for service 3'),
(1211, 'en', 'Please, insert title for service 4'),
(1212, 'en', 'Success, item was saved.'),
(1213, 'en', 'View {name}'),
(1214, 'en', 'Image Alt1'),
(1215, 'en', 'Service Title1'),
(1216, 'en', 'Service Hover1'),
(1217, 'en', 'Image Alt2'),
(1218, 'en', 'Service Title2'),
(1219, 'en', 'Service Hover2'),
(1220, 'en', 'Image Alt3'),
(1221, 'en', 'Service Title3'),
(1222, 'en', 'Service Hover3'),
(1223, 'en', 'Image Alt4'),
(1224, 'en', 'Service Title4'),
(1225, 'en', 'Service Hover4'),
(1226, 'en', 'Serv-1 Image Alt 1'),
(1227, 'en', 'Serv-1 Title'),
(1228, 'en', 'Serv-1 Hover 1'),
(1229, 'en', 'Serv-1 Image Alt 2'),
(1230, 'en', 'Serv-1 Hover 2'),
(1231, 'en', 'Serv-1 Image Alt 3'),
(1232, 'en', 'Serv-1 Hover 3'),
(1233, 'en', 'Serv-2 Image Alt'),
(1234, 'en', 'Serv-2 Title'),
(1235, 'en', 'Serv-2 Hover'),
(1236, 'en', 'Serv-3 Image Alt'),
(1237, 'en', 'Serv-3 Title'),
(1238, 'en', 'Serv-3 Hover'),
(1239, 'en', 'Serv-4 Image Alt'),
(1240, 'en', 'Serv-4 Title'),
(1241, 'en', 'Serv-4 Hover'),
(1242, 'en', 'Please, insert serv1_image_alt1'),
(1243, 'en', 'Please, insert service1_title'),
(1244, 'en', 'Please, insert service1_image_alt2'),
(1245, 'en', 'Please, insert service1_image_alt3'),
(1246, 'en', 'Please, insert service2_image_alt'),
(1247, 'en', 'Please, insert service2_title'),
(1248, 'en', 'Please, insert service3_image_alt'),
(1249, 'en', 'Please, insert service3_title'),
(1250, 'en', 'Please, insert service4_image_alt'),
(1251, 'en', 'Please, insert service4_title'),
(1252, 'en', 'Image for Service 1'),
(1253, 'en', 'Image for Service 2'),
(1254, 'en', 'Image for Service 3'),
(1255, 'en', 'Image for Service 4'),
(1256, 'en', 'Image for Service 5'),
(1257, 'en', 'Image for Service 6'),
(1258, 'en', 'serviceimage'),
(1259, 'en', 'Image 1'),
(1260, 'en', 'Image 2'),
(1261, 'en', 'Image 3'),
(1262, 'en', 'Image 4'),
(1263, 'en', 'Image 5'),
(1264, 'en', 'Image 6'),
(1265, 'en', 'Success, the changes were saved.'),
(1266, 'en', 'First Section Image'),
(1267, 'en', 'Edit First Section Image'),
(1268, 'en', 'Second Section Image'),
(1269, 'en', 'Image'),
(1270, 'en', 'gallery2s'),
(1271, 'en', 'Buscar gallery2s'),
(1272, 'en', 'Create Second Section Image'),
(1273, 'en', 'Create First Section Image'),
(1274, 'en', 'Item was deleted with success'),
(1275, 'en', 'View Second Section Image'),
(1276, 'en', 'Welcome to our Backend'),
(1277, 'en', 'Powered by iReevo'),
(1278, 'en', 'Please, insert company_name'),
(1279, 'en', 'footercompany'),
(1280, 'en', 'Upload Document 1'),
(1281, 'en', 'Title Document 1'),
(1282, 'en', 'Upload Document 2'),
(1283, 'en', 'Title Document 2'),
(1284, 'en', 'Upload Document 3'),
(1285, 'en', 'Title Document 3'),
(1286, 'en', 'Please, insert title_file1'),
(1287, 'en', 'Please, insert title_file2'),
(1288, 'en', 'Please, insert title_file3'),
(1289, 'en', 'Please, upload document'),
(1290, 'en', 'Document 1'),
(1291, 'en', 'Document 2'),
(1292, 'en', 'Document 3'),
(1293, 'en', 'Usefull Link Title 1'),
(1294, 'en', 'Usefull Link 1'),
(1295, 'en', 'Usefull Link Title 2'),
(1296, 'en', 'Usefull Link 2'),
(1297, 'en', 'Usefull Link Title 3'),
(1298, 'en', 'Usefull Link 3'),
(1299, 'en', 'Please, insert link1_text'),
(1300, 'en', 'Please, insert link1_url'),
(1301, 'en', 'Please, insert link2_text'),
(1302, 'en', 'Please, insert link2_url'),
(1303, 'en', 'Please, insert link3_text'),
(1304, 'en', 'Please, insert link3_url'),
(1305, 'en', 'Shared Google+ URL'),
(1306, 'en', 'Edit Second Section Image'),
(1307, 'en', 'Incorrect symbols (A-z0-9 áéíóúÁÉÍÓÚÀÈÌÒÙàèìòùäëïöüâêîôû&Çç).'),
(1308, 'en', 'New password is saved.'),
(1309, 'en', 'The Healthy Choice'),
(1310, 'en', 'BE PART OF THE HEALTHY COMMUNITY , MAKE IT HAPPEND'),
(1311, 'en', 'About The Health Choice'),
(1312, 'en', 'Lorem Ipsum'),
(1313, 'en', 'Lorem Ipsum Lorem Ipsum'),
(1314, 'en', '<p>simply dummy text of the printing and typesetting industry. Lorem \r\nIpsum has been the industry''s stan dard dummy text ever since the 1500s,\r\n when an unknown printer took a galley of type and scrambled it to make a\r\n type specimen book. It has survived not only ?ve centuries, but also \r\nthe leap into electronic typesetting, remaining essentially unchanged. \r\nIt was popularised in the 1960s with the release of</p>'),
(1315, 'en', 'Service 1 Title'),
(1316, 'en', 'Lorem Ipsum is simply dummy text of the printing and typesetting industry. Lorem Ipsum has been the industry''s standard dummy text ever since the 1500s, when an unknown printer took a galley of type and scrambled it to make a type specimen book. It has survived not only five centuries, but also the leap into electronic typesetting, remaining essentially unchanged. It was popularised in the 1960s with the release of Letraset sheets containing Lorem Ipsum passages, and more recently '),
(1317, 'en', 'Other Services-Products'),
(1318, 'en', '<p>Lorem Ipsum is simply dummy text of the printing and typesetting \r\nindustry. Lorem Ipsum has been the industry''s standard dummy text ever \r\nsince the 1500s, when an unknown printer took a galley of type and \r\nscrambled it to make a type specimen book. It has survived not only ?ve \r\ncenturies, but also the leap into electronic typesetting, remaining \r\nessentially unchanged. It was popularised in the 1960s with the release \r\nof Letraset sheets containing Lorem Ipsum passages, and more recently \r\nwith desktop publishing software like Aldus PageMaker including ver \r\nsions of Lorem Ipsum.  Lorem Ipsum is simply dummy text of the printing \r\nand typesetting industry. Lorem Ipsum has been the industry''s stan dard \r\ndummy text ever since the 1500s, when an unknown printer took a galley \r\nof type and scrambled it to make a type specimen book. It has survived \r\nnot only ?ve centuries, but also the leap into electronic typesetting, \r\nremaining essentially unchanged. It was popularised in the 1960s.</p>'),
(1319, 'en', 'Adress , City, State <br>Coutry, Zip Code<br>'),
(1320, 'en', 'Header Information'),
(1321, 'en', 'Logo Site'),
(1322, 'en', 'Logo Site'),
(1323, 'en', 'Home Information'),
(1324, 'en', 'Home Page'),
(1325, 'en', 'About Page'),
(1326, 'en', 'About Page'),
(1327, 'en', 'Exhibitions'),
(1328, 'en', 'Exhibitions Section 1'),
(1329, 'en', 'Exhibitions Section 1'),
(1330, 'en', 'Exhibitions Section 2'),
(1331, 'en', 'Exhibitions Section 2'),
(1332, 'en', 'Contact Page'),
(1333, 'en', 'Contact Page'),
(1334, 'en', 'Artwork'),
(1335, 'en', 'Artwork Main'),
(1336, 'en', 'Artwork Main'),
(1337, 'en', 'Artworks Top Filters'),
(1338, 'en', 'Artworks Top Filters'),
(1339, 'en', 'Artworks Bottom Filters'),
(1340, 'en', 'Artworks Bottom Filters'),
(1341, 'en', 'Artworks Galleries'),
(1342, 'en', 'Artworks Galleries'),
(1343, 'en', 'Footer Menu Options'),
(1344, 'en', 'Footer Menu Options'),
(1345, 'en', 'Catalogs'),
(1346, 'en', 'Catalogs'),
(1347, 'en', 'Social Media'),
(1348, 'en', 'Resume File'),
(1349, 'en', 'Copy Right Information'),
(1350, 'en', 'SEO Url'),
(1351, 'en', 'General Tracking'),
(1352, 'en', 'Particular Tracking'),
(1353, 'en', 'Site Logo'),
(1354, 'en', 'Site Logo'),
(1355, 'en', 'About us text'),
(1356, 'en', 'Exhibitions text'),
(1357, 'en', 'ArtWork text'),
(1358, 'en', 'Contact us text'),
(1359, 'en', 'Create General Header Information'),
(1360, 'en', 'The image dimensions are 388x43px'),
(1361, 'en', 'Site Logo alt'),
(1362, 'en', 'Site Logo'),
(1363, 'en', 'Banner Image alt'),
(1364, 'en', 'Banner Title'),
(1365, 'en', 'Banner Subtitle'),
(1366, 'en', 'Banner Link'),
(1367, 'en', 'Banner Image'),
(1368, 'en', 'Create Main Banner'),
(1369, 'en', 'The image dimensions are 1558x900px'),
(1370, 'en', 'About Image alt'),
(1371, 'en', 'Section Title'),
(1372, 'en', 'Section Subtitle'),
(1373, 'en', 'Tab1 Label'),
(1374, 'en', 'Tab2 Label'),
(1375, 'en', 'Tab2 Link'),
(1376, 'en', 'Tab3 Text'),
(1377, 'en', 'Tab3 Link'),
(1378, 'en', 'About Image'),
(1379, 'en', 'Create About Information'),
(1380, 'en', 'The image dimensions are 806x834px'),
(1381, 'en', 'Exhibition filter label'),
(1382, 'en', 'Section1 Title'),
(1383, 'en', 'Section1 Subtitle'),
(1384, 'en', 'Section1 Long Description'),
(1385, 'en', 'Create Exhibition section1'),
(1386, 'en', 'Section2 Title'),
(1387, 'en', 'Section2 Subtitle'),
(1388, 'en', 'Section2 Long Description'),
(1389, 'en', 'Create Exhibition section2'),
(1390, 'en', 'Phone title'),
(1391, 'en', 'Email title'),
(1392, 'en', 'Text'),
(1393, 'en', 'Create General Info'),
(1394, 'en', 'The image dimensions are 816x768px'),
(1395, 'en', 'Create Artwork Main Section'),
(1396, 'en', 'Tab1 Text'),
(1397, 'en', 'Tab2 Text'),
(1398, 'en', 'Create Artwork Top Filter'),
(1399, 'en', 'High'),
(1400, 'en', 'Medium'),
(1401, 'en', 'Low'),
(1402, 'en', 'Artwork Listing Image alt'),
(1403, 'en', 'Artwork Zoom Image alt'),
(1404, 'en', 'Show Order'),
(1405, 'en', 'Short description 2'),
(1406, 'en', 'Dimension description text'),
(1407, 'en', 'Author name'),
(1408, 'en', 'Popup Button Label'),
(1409, 'en', 'Popup Button Link'),
(1410, 'en', 'Country'),
(1411, 'en', 'Art Technique'),
(1412, 'en', 'Artwork Listing Image'),
(1413, 'en', 'Artwork Zoom Image'),
(1414, 'en', 'Create Artwork Gallery'),
(1415, 'en', 'The image dimensions are 561x274px'),
(1416, 'en', 'MEXICO'),
(1417, 'en', 'UNITED STATES'),
(1418, 'en', 'CUBA'),
(1419, 'en', 'HAND PAPER CUT'),
(1420, 'en', 'WOOD DRAFT'),
(1421, 'en', 'MIX TECHNIQUE'),
(1422, 'en', 'Catalog Menu Label'),
(1423, 'en', 'Useful Links Menu Label'),
(1424, 'en', 'Resume Menu Label'),
(1425, 'en', 'Catalog File'),
(1426, 'en', 'Catalog File Name'),
(1427, 'en', 'Create Useful links'),
(1428, 'en', 'Facebook link'),
(1429, 'en', 'Twitter link'),
(1430, 'en', 'Google link'),
(1431, 'en', 'Linkedin'),
(1432, 'en', 'Instagram'),
(1433, 'en', 'Create Catalogs'),
(1434, 'en', 'Link Label'),
(1435, 'en', 'Upload Resume pdf file'),
(1436, 'en', 'Create Resume Document'),
(1437, 'en', 'Copy Right Company Name'),
(1438, 'en', 'Source code'),
(1439, 'en', 'Company Information'),
(1440, 'en', 'Office Name'),
(1441, 'en', 'Address'),
(1442, 'en', 'Company Logo alt'),
(1443, 'en', 'Second Phone'),
(1444, 'en', 'Fax'),
(1445, 'en', 'Company Logo'),
(1446, 'en', 'Create Company Information'),
(1447, 'en', 'companyinfo'),
(1448, 'en', 'Edit '),
(1449, 'en', 'Edit Company Information'),
(1450, 'en', 'generalheaderinformation'),
(1451, 'en', 'Edit General Header Information'),
(1452, 'en', 'Create Menu texts'),
(1453, 'en', 'Create Footer menu texts'),
(1454, 'en', 'Error, had been an error saving item.'),
(1455, 'en', 'footerusefullinks'),
(1456, 'en', 'Edit Useful links'),
(1457, 'en', 'Create Copy Right Information'),
(1458, 'en', 'footercopyright'),
(1459, 'en', 'Edit Copy Right Information'),
(1460, 'en', 'Create Social media'),
(1461, 'en', 'home text'),
(1462, 'en', 'mainnavegationmenu'),
(1463, 'en', 'Edit Menu texts'),
(1464, 'en', 'artworkgallery'),
(1465, 'en', 'Edit Artwork Gallery'),
(1466, 'en', 'Create Artwork Bottom Filter'),
(1467, 'en', 'homepage'),
(1468, 'en', 'Edit Main Banner'),
(1469, 'en', 'artworktopfilter'),
(1470, 'en', 'Edit Artwork Top Filter'),
(1471, 'en', 'Artworks Gallery'),
(1472, 'en', 'Artworks Gallery');

-- --------------------------------------------------------

--
-- Table structure for table `profiles`
--

CREATE TABLE IF NOT EXISTS `profiles` (
  `user_id` int(11) NOT NULL,
  `lastname` varchar(50) NOT NULL DEFAULT '',
  `firstname` varchar(50) NOT NULL DEFAULT '',
  PRIMARY KEY (`user_id`),
  KEY `FKprofiles815537` (`user_id`)
) ENGINE=InnoDB DEFAULT CHARSET=utf8;

--
-- Dumping data for table `profiles`
--

INSERT INTO `profiles` (`user_id`, `lastname`, `firstname`) VALUES
(1, 'Admin', 'Administrator'),
(2, 'Demo', 'Demo'),
(14, 'Marin', 'Pablo'),
(28, 'mrcalvo12', 'mrcalvo12'),
(39, 'Test', 'Customer'),
(42, '', '');

-- --------------------------------------------------------

--
-- Table structure for table `profiles_fields`
--

CREATE TABLE IF NOT EXISTS `profiles_fields` (
  `id` int(10) NOT NULL AUTO_INCREMENT,
  `varname` varchar(50) NOT NULL,
  `title` varchar(255) NOT NULL,
  `field_type` varchar(50) NOT NULL,
  `field_size` int(3) NOT NULL DEFAULT '0',
  `field_size_min` int(3) NOT NULL DEFAULT '0',
  `required` int(1) NOT NULL DEFAULT '0',
  `match` varchar(255) NOT NULL DEFAULT '',
  `range` varchar(255) NOT NULL DEFAULT '',
  `error_message` varchar(255) NOT NULL DEFAULT '',
  `other_validator` varchar(255) NOT NULL DEFAULT '',
  `default` varchar(255) NOT NULL DEFAULT '',
  `widget` varchar(255) NOT NULL DEFAULT '',
  `widgetparams` varchar(5000) NOT NULL DEFAULT '',
  `position` int(3) NOT NULL DEFAULT '0',
  `visible` int(1) NOT NULL DEFAULT '0',
  PRIMARY KEY (`id`),
  KEY `varname` (`varname`,`widget`,`visible`)
) ENGINE=MyISAM  DEFAULT CHARSET=utf8 AUTO_INCREMENT=5 ;

--
-- Dumping data for table `profiles_fields`
--

INSERT INTO `profiles_fields` (`id`, `varname`, `title`, `field_type`, `field_size`, `field_size_min`, `required`, `match`, `range`, `error_message`, `other_validator`, `default`, `widget`, `widgetparams`, `position`, `visible`) VALUES
(1, 'lastname', 'Last Name', 'VARCHAR', 50, 3, 1, '', '', 'Incorrect Last Name (length between 3 and 50 characters).', '', '', '', '', 1, 3),
(2, 'firstname', 'First Name', 'VARCHAR', 50, 3, 1, '', '', 'Incorrect First Name (length between 3 and 50 characters).', '', '', '', '', 0, 3);

-- --------------------------------------------------------

--
-- Table structure for table `seo_meta`
--

CREATE TABLE IF NOT EXISTS `seo_meta` (
  `id` int(11) NOT NULL AUTO_INCREMENT,
  `name` varchar(255) NOT NULL,
  `content` text NOT NULL,
  `seo_url_id` int(11) NOT NULL,
  PRIMARY KEY (`id`),
  KEY `FKseo_meta553146` (`seo_url_id`)
) ENGINE=InnoDB DEFAULT CHARSET=latin1 AUTO_INCREMENT=1 ;

-- --------------------------------------------------------

--
-- Table structure for table `seo_url`
--

CREATE TABLE IF NOT EXISTS `seo_url` (
  `id` int(11) NOT NULL AUTO_INCREMENT,
  `url` varchar(255) DEFAULT NULL,
  `titulo` varchar(255) NOT NULL,
  `descripcion` text,
  `keywords` varchar(255) DEFAULT NULL,
  `title` varchar(255) DEFAULT NULL,
  `description` text,
  PRIMARY KEY (`id`)
) ENGINE=InnoDB  DEFAULT CHARSET=latin1 AUTO_INCREMENT=8 ;

--
-- Dumping data for table `seo_url`
--

INSERT INTO `seo_url` (`id`, `url`, `titulo`, `descripcion`, `keywords`, `title`, `description`) VALUES
(3, '/', 'Admin', 'Aplicación de prueba para el template de proyecto de backend', 'Art', 'Patricio Rodriguez - Home', 'Home Page Patricio Site'),
(4, '/about', '', NULL, 'About Patricio Rodriguez', 'Patricio Rodriguez - About', 'About Page Patricio Rodriguez Site'),
(5, '/exhibitions', '', NULL, 'Exhibitions', 'Patricio Rodriguez - Exhibitions', 'Patricio Exhibitions Page Site'),
(6, '/artwork', '', NULL, 'Art, Artwork', 'Patricio Rodriguez - Artwork', 'Patricio Rodriguez Artwork Site Page'),
(7, '/contact', '', NULL, 'Contact', 'Patricio Rodriguez - Contact', 'Patricio Rodriguez Contact Page Site');

-- --------------------------------------------------------

--
-- Table structure for table `social_navegation_menu`
--

CREATE TABLE IF NOT EXISTS `social_navegation_menu` (
  `id` varchar(50) NOT NULL COMMENT '{"type": "@uid", "breadcrumbs":{"tablename":"Site Footer", "submenu":"Social media"}}',
  `facebook` varchar(100) DEFAULT NULL COMMENT '{"rows":1,"type": "@url", "label":"Facebook link"}',
  `twitter` varchar(100) DEFAULT NULL COMMENT '{"type": "@url", "label":"Twitter link"}',
  `google` varchar(100) DEFAULT NULL COMMENT '{"type": "@url", "label":"Google link"}',
  `youtube` varchar(100) DEFAULT NULL COMMENT '{"type": "@url", "label":"Youtube"}',
  `linkedin` varchar(100) DEFAULT NULL COMMENT '{"type": "@url", "label":"Linkedin"}',
  `instagram` varchar(100) DEFAULT NULL COMMENT '{"type": "@url", "label":"Instagram"}',
  PRIMARY KEY (`id`)
) ENGINE=InnoDB DEFAULT CHARSET=latin1;

--
-- Dumping data for table `social_navegation_menu`
--

INSERT INTO `social_navegation_menu` (`id`, `facebook`, `twitter`, `google`, `youtube`, `linkedin`, `instagram`) VALUES
('07c09f6d-3537-c764-9d5a-570c7e56179c', 'http://facebook.com', 'http://twitter.com', 'http://googleplus.com', 'http://youtube.com', 'http://linkedin.com', NULL);

-- --------------------------------------------------------

--
-- Table structure for table `sourcemessage`
--

CREATE TABLE IF NOT EXISTS `sourcemessage` (
  `id` int(11) NOT NULL AUTO_INCREMENT,
  `category` varchar(32) DEFAULT NULL,
  `message` text,
  PRIMARY KEY (`id`)
) ENGINE=InnoDB  DEFAULT CHARSET=latin1 AUTO_INCREMENT=1473 ;

--
-- Dumping data for table `sourcemessage`
--

INSERT INTO `sourcemessage` (`id`, `category`, `message`) VALUES
(52, 'UserModule.user', 'View'),
(53, 'UserModule.user', 'Create'),
(54, 'UserModule.user', 'Advanced Search'),
(55, 'app', 'Search'),
(56, 'app', 'List'),
(57, 'app', 'Update'),
(58, 'app', 'Delete'),
(59, 'UserModule.user', 'Are you sure you want to delete this item?'),
(60, 'app', 'View'),
(61, 'app', 'Agregar'),
(62, 'app', 'Buscar'),
(63, 'app', 'Important !!'),
(64, 'app', '<small>Fields with <span class="required">*</span> are required.</small>'),
(65, 'app', 'Save'),
(66, 'app', 'Reset'),
(69, 'app', 'Traducciones'),
(70, 'app', 'Textos'),
(71, 'UserModule.user', 'Update'),
(72, 'UserModule.user', 'Update User'),
(73, 'UserModule.user', 'Are you sure to delete this item?'),
(74, 'UserModule.user', 'Incorrect First Name (length between 3 and 50 characters).'),
(75, 'UserModule.user', 'Incorrect Last Name (length between 3 and 50 characters).'),
(76, 'UserModule.user', 'User ID'),
(77, 'UserModule.user', 'First Name'),
(78, 'UserModule.user', 'Last Name'),
(79, 'app', 'ID'),
(80, 'app', 'Categoría'),
(81, 'app', 'Texto'),
(82, 'app', 'app'),
(83, 'app', 'YcmModule.ycm'),
(84, 'app', 'UserModule.user'),
(86, 'app', 'Administrar Usuarios'),
(87, 'app', 'Administrar Textos'),
(88, 'UserModule.user', 'Login'),
(89, 'UserModule.user', 'Remember me next time'),
(90, 'UserModule.user', 'username or email'),
(91, 'UserModule.user', 'Register'),
(92, 'UserModule.user', 'Lost Password?'),
(93, 'UserModule.user', 'Profile'),
(94, 'UserModule.user', 'Your profile'),
(95, 'app', 'Editar'),
(96, 'app', 'Cambiar contraseña'),
(97, 'UserModule.user', 'Edit'),
(98, 'UserModule.user', 'Edit profile'),
(99, 'UserModule.user', 'Save'),
(100, 'app', 'Administrar SEO'),
(101, 'app', 'SEO URLs'),
(102, 'app', 'Listado'),
(103, 'app', 'Create SEO URL'),
(104, 'app', 'Crear SEO URL'),
(105, 'app', 'Main'),
(106, 'app', 'title'),
(107, 'app', 'keywords'),
(108, 'seo', 'title'),
(109, 'seo', 'keywords'),
(110, 'app', 'seo'),
(111, 'seo', 'description'),
(112, 'app', 'URL'),
(113, 'app', 'Name'),
(114, 'app', 'Content'),
(115, 'app', 'Param'),
(116, 'app', 'Active'),
(117, 'app', 'Language'),
(118, 'app', 'Actualizar'),
(119, 'app', 'Ver'),
(120, 'app', 'Titulo'),
(121, 'app', 'Descripcion'),
(122, 'app', 'SeoMeta|SeoMetas'),
(123, 'app', 'sfdsf'),
(124, 'app', 'SeoUrls'),
(125, 'app', 'SEO URL'),
(126, 'seo', 'SEO Metas'),
(127, 'app', 'SeoMetas'),
(128, 'app', 'All'),
(130, 'app', 'seometa'),
(131, 'app', 'SEO Metas'),
(132, 'app', 'SEO Meta'),
(133, 'app', 'Nombre'),
(134, 'app', 'Contenido'),
(135, 'app', 'URL Metas'),
(136, 'app', 'Propiedades Extras'),
(137, 'app', '1'),
(138, 'app', 'Progol'),
(139, 'app', 'Tipo'),
(140, 'app', 'TipoProgols'),
(141, 'app', 'tipoprogol'),
(142, 'app', 'Codigo'),
(143, 'YcmModule.ycm', 'Changes saved.'),
(144, 'app', 'Tipos de Progol'),
(145, 'app', 'Tipo de Progol'),
(146, 'app', 'Competicion'),
(147, 'app', 'Partido'),
(148, 'app', 'Equipo'),
(149, 'app', 'Evento'),
(150, 'app', 'Jugador'),
(151, 'app', 'Categorias'),
(152, 'app', 'Xml'),
(153, 'app', 'Timezone'),
(155, 'app', 'Partidos'),
(156, 'app', 'Fecha Hora Inicio'),
(157, 'app', 'Status'),
(158, 'app', 'Goles Visitante'),
(159, 'app', 'Goles Local'),
(162, 'app', 'Equipos'),
(163, 'app', 'Eventos'),
(164, 'app', 'Minuto'),
(165, 'app', 'Resultado'),
(167, 'app', 'Jugadors'),
(168, 'app', 'Competicions'),
(169, 'app', 'Rss Url'),
(170, 'YcmModule.ycm', 'Choose {name}'),
(171, 'app', 'Logo'),
(172, 'YcmModule.ycm', 'Image'),
(173, 'YcmModule.ycm', 'Image preview'),
(174, 'YcmModule.ycm', 'Preview'),
(175, 'app', 'Xml ID'),
(176, 'app', 'empate'),
(177, 'app', 'local'),
(178, 'app', '[{local} - {visitante}]'),
(179, 'app', '{local} - {visitante}'),
(180, 'app', '<span style="width: 50px;text-align: center">{local} - {visitante}</span>'),
(181, 'app', 'Fecha - Hora de Inicio'),
(182, 'app', 'Goles del Visitante'),
(183, 'app', 'Goles del Local'),
(184, 'app', 'Equipo Visitante'),
(185, 'app', 'Equipo Local'),
(186, 'app', 'Equipo|Equipos'),
(187, 'app', 'Jugador|Jugadors'),
(188, 'app', 'El evento con xml: {xml} no pudo ser cargado.'),
(189, 'app', 'amarilla'),
(190, 'app', 'roja'),
(191, 'app', 'gol'),
(192, 'app', '{evento} {jugador} {resultado}'),
(193, 'app', 'Visitante'),
(194, 'app', 'Evento Local'),
(195, 'app', 'Evento Visitante'),
(196, 'app', 'Jugadores'),
(197, 'app', 'Zona Horaria'),
(198, 'app', 'Actualizar partidos'),
(199, 'app', 'Perfil'),
(200, 'UserModule.user', 'Change Password'),
(201, 'UserModule.user', 'Minimal password length 4 symbols.'),
(202, 'UserModule.user', 'Retype Password is incorrect.'),
(203, 'app', 'Usuario'),
(204, 'UserModule.user', 'Registration'),
(205, 'UserModule.user', 'Incorrect symbols (A-z0-9).'),
(206, 'UserModule.user', 'Restore'),
(207, 'UserModule.user', 'Please enter your login or email addres.'),
(208, 'app', 'Categoria|Categorias'),
(209, 'app', 'Atras'),
(210, 'app', 'SEO Título'),
(211, 'app', 'SEO Descripción'),
(212, 'app', 'SEO Palabras clave'),
(213, 'app', 'Competicion|Competicions'),
(214, 'app', 'SeoUrl|SeoUrls'),
(215, 'app', 'Partido|Partidos'),
(216, 'app', 'Fecha'),
(221, 'UserModule.user', 'Changes is saved.'),
(222, 'app', 'Todos los Partidos'),
(223, 'app', 'Todas'),
(224, 'app', 'No hay eventos todavía'),
(225, 'core', 'Yes'),
(226, 'core', 'No'),
(227, 'app', 'Activo'),
(228, 'app', 'No se pudo salvar'),
(229, 'app', 'core'),
(230, 'app', 'Banners'),
(231, 'app', 'Clicks'),
(232, 'app', 'Archivo'),
(233, 'app', 'Ubicacion|Ubicacions'),
(234, 'app', 'banner'),
(235, 'app', 'ubicacion'),
(236, 'app', 'Ubicacions'),
(237, 'app', 'Ancho'),
(238, 'app', 'Alto'),
(239, 'app', 'Class'),
(240, 'YcmModule.ycm', 'Changes saved. You can add a new entry.'),
(241, 'app', 'Desde'),
(242, 'app', 'Hasta'),
(243, 'app', 'Numero'),
(244, 'YcmModule.ycm', 'Download'),
(245, 'app', 'Publicidad'),
(246, 'app', 'Ubicaciones'),
(247, 'app', 'Imagen'),
(248, 'app', 'Flash'),
(249, 'app', 'Adsense'),
(250, 'app', 'Direcciones'),
(251, 'app', 'BackLinks'),
(252, 'app', 'Direccions'),
(253, 'app', 'dirección'),
(254, 'app', 'Políticas de Privacidad'),
(255, 'app', 'Contáctenos'),
(256, 'app', 'Copyright 2013. All rights reserved. Kiskoo Company, Inc.'),
(257, 'app', 'sdgdsfg dfh fj'),
(258, 'app', '&lt; Más recientes'),
(259, 'app', 'Menos recientes &gt;'),
(260, 'app', 'Contact Us: '),
(261, 'app', 'Contact'),
(262, 'app', 'detalles'),
(263, 'app', 'Texto de políticas de privacidad'),
(264, 'app', 'Description de Políticas de privacidad'),
(265, 'app', 'Description de Contacto'),
(266, 'app', 'Escríbenos directamente'),
(267, 'app', 'Please enter the letters as they are shown in the image above.<br/>Letters are not case-sensitive.'),
(268, 'app', 'Submit'),
(269, 'app', 'Nombre:'),
(270, 'app', 'Correo electrónico:'),
(271, 'app', 'Comentario:'),
(272, 'app', 'Formulario de contacto'),
(273, 'YiiMailer', 'You need an HTML capable viewer to read this message.'),
(274, 'YiiMailer', 'SMTP Error: Could not authenticate.'),
(275, 'YiiMailer', 'SMTP Error: Could not connect to SMTP host.'),
(276, 'YiiMailer', 'SMTP Error: Data not accepted.'),
(277, 'YiiMailer', 'Message body empty'),
(278, 'YiiMailer', 'Unknown encoding: '),
(279, 'YiiMailer', 'Could not execute: '),
(280, 'YiiMailer', 'Could not access file: '),
(281, 'YiiMailer', 'File Error: Could not open file: '),
(282, 'YiiMailer', 'The following From address failed: '),
(283, 'YiiMailer', 'Could not instantiate mail function.'),
(284, 'YiiMailer', 'Invalid address'),
(285, 'YiiMailer', ' mailer is not supported.'),
(286, 'YiiMailer', 'You must provide at least one recipient email address.'),
(287, 'YiiMailer', 'SMTP Error: The following recipients failed: '),
(288, 'YiiMailer', 'Signing Error: '),
(289, 'YiiMailer', 'SMTP Connect() failed.'),
(290, 'YiiMailer', 'SMTP server error: '),
(291, 'YiiMailer', 'Cannot set or reset variable: '),
(292, 'app', 'Contacto'),
(293, 'app', 'Gracias por contactarnos. Le responderemos lo más rápido posible.'),
(294, 'app', 'Mensaje de: '),
(295, 'app', 'Acepto los términos y condiciones'),
(296, 'html', 'Cargando'),
(297, 'app', 'Final'),
(298, 'app', 'Final TE'),
(299, 'app', 'Este es el título del sitio'),
(300, 'app', 'Esta es la descripción del sitio'),
(301, 'app', 'Descripción de Contáctenos'),
(302, 'app', 'Llámenos'),
(303, 'app', 'Nuestras Oficinas'),
(304, 'app', '1-866-615-6319\n6am - 6pm (PST)\nTodos los días de las semana'),
(305, 'app', 'Nuestra Localización'),
(306, 'app', 'Prospera Funding LLC\n101 Second Street, 15th Floor\nSan Francisco, CA 94105'),
(307, 'app', 'YiiMailer'),
(308, 'app', 'html'),
(309, 'app', '{jugando} Penalty'),
(310, 'app', 'Aplicación'),
(311, 'app', 'Administracion'),
(312, 'app', 'Enter username and password to continue.'),
(313, 'app', 'Enter your e-mail address below and we will send you instructions how to recover a password.'),
(314, 'app', 'Back to login'),
(315, 'UserModule.user', 'Password is incorrect.'),
(316, 'app', 'Glog'),
(317, 'app', 'Blogs'),
(318, 'app', 'Publicaciones'),
(319, 'app', 'Blog'),
(320, 'app', 'Publicacions'),
(321, 'app', 'publicacion'),
(322, 'app', 'Orden'),
(323, 'app', 'Activa'),
(324, 'app', 'Pepe'),
(325, 'app', 'Contact Us'),
(326, 'app', 'If you have business inquiries or other questions,\n            please fill out the following form to contact us. Thank you.'),
(327, 'app', 'Urls Estáticas'),
(328, 'app', 'UrlRules'),
(329, 'app', 'Route'),
(330, 'app', 'Case Sensitive'),
(331, 'app', 'Pattern'),
(332, 'app', 'Str Params'),
(333, 'app', 'Url Suffix'),
(334, 'app', 'Default Params'),
(335, 'app', 'Match Value'),
(336, 'app', 'Verb'),
(337, 'app', 'Parsing Only'),
(338, 'app', 'References'),
(339, 'app', 'Route Pattern'),
(340, 'app', 'Template'),
(341, 'app', 'Append'),
(342, 'app', 'Has Host Info'),
(343, 'app', 'urlrule'),
(344, 'app', 'Surfijo'),
(345, 'app', 'Distinguir mayúsculas de minúsculas'),
(346, 'app', 'Parámetros por defecto'),
(347, 'app', 'Valor'),
(348, 'app', 'Verbo'),
(349, 'app', 'Solo parsear'),
(350, 'app', 'Ruta'),
(351, 'app', 'Preferencias'),
(352, 'app', 'Patrón de la Ruta'),
(353, 'app', 'Partón'),
(354, 'app', 'Plantilla'),
(355, 'app', 'Parámetros'),
(356, 'app', 'Añadir'),
(357, 'app', 'Tiene información de servidor'),
(358, 'app', 'Order'),
(359, 'app', 'URLs'),
(360, 'labels', 'Salir'),
(361, 'labels', 'Login'),
(362, 'labels', 'Administrar Usuarios'),
(363, 'labels', 'Administrar Textos'),
(364, 'labels', 'Administrar SEO'),
(365, 'labels', 'Inicio'),
(366, 'labels', 'Atras'),
(367, 'labels', 'Blog'),
(434, 'YcmModule.ycm', 'Could not load model "{name}".'),
(435, 'AuthModule.main', 'Assignments'),
(436, 'AuthModule.main', 'role|roles'),
(437, 'AuthModule.main', 'task|tasks'),
(438, 'AuthModule.main', 'operation|operations'),
(439, 'AuthModule.main', 'Access denied.'),
(440, 'AuthModule.main', 'No assignments found.'),
(441, 'AuthModule.main', 'User'),
(442, 'AuthModule.main', 'Assigned items'),
(443, 'AuthModule.main', 'Permissions'),
(444, 'AuthModule.main', 'Items assigned to this user'),
(445, 'AuthModule.main', 'This user does not have any assignments.'),
(446, 'AuthModule.main', 'Add {type}'),
(447, 'AuthModule.main', 'No {type} found.'),
(448, 'AuthModule.main', 'System name'),
(449, 'AuthModule.main', 'Description'),
(450, 'AuthModule.main', 'View'),
(451, 'AuthModule.main', 'Edit'),
(452, 'AuthModule.main', 'Delete'),
(453, 'AuthModule.main', 'Are you sure you want to delete this item?'),
(454, 'AuthModule.main', 'New {type}'),
(455, 'AuthModule.main', 'Business rule'),
(456, 'AuthModule.main', 'Data'),
(457, 'AuthModule.main', 'Type'),
(458, 'AuthModule.main', 'Create'),
(459, 'AuthModule.main', 'Cancel'),
(460, 'AuthModule.main', 'Ancestors'),
(461, 'AuthModule.main', 'Permissions that inherit this item'),
(462, 'AuthModule.main', 'This item does not have any ancestors.'),
(463, 'AuthModule.main', 'Descendants'),
(464, 'AuthModule.main', 'Permissions granted by this item'),
(465, 'AuthModule.main', 'This item does not have any descendants.'),
(466, 'AuthModule.main', 'System name cannot be changed after creation.'),
(467, 'AuthModule.main', 'Save'),
(468, 'AuthModule.main', 'Rols'),
(469, 'AuthModule.main', 'Operations'),
(470, 'AuthModule.main', 'Tasks'),
(471, 'labels', 'Auth'),
(472, 'AuthModule.main', 'rol|rols'),
(473, 'labels', 'Permisos'),
(474, 'AuthModule.main', 'Select item'),
(475, 'AuthModule.main', 'Assign permission'),
(476, 'AuthModule.main', 'Assign'),
(477, 'AuthModule.main', 'Revoke'),
(478, 'AuthModule.main', 'assigment|assigments'),
(479, 'AuthModule.main', 'assignment|assignments'),
(480, 'AuthModule.main', 'Add child'),
(481, 'AuthModule.main', 'Add'),
(482, 'AuthModule.main', 'Item does not exist.'),
(483, 'YcmModule.ycm', 'Update'),
(484, 'YcmModule.ycm', 'Toogle'),
(485, 'YcmModule.ycm', 'Order'),
(486, 'YcmModule.ycm', 'Export'),
(487, 'AuthModule.main', 'Remove'),
(488, 'labels', 'app'),
(489, 'labels', 'YcmModule.ycm'),
(490, 'labels', 'UserModule.user'),
(492, 'labels', 'core'),
(493, 'labels', 'YiiMailer'),
(554, 'categories', 'html'),
(555, 'categories', 'labels'),
(556, 'categories', 'AuthModule.main'),
(557, 'categories', 'publicidad__models'),
(558, 'categories', 'bloq__models'),
(559, 'categories', 'modules'),
(560, 'categories', 'irtext__models'),
(561, 'categories', 'irseo__models'),
(562, 'categories', 'irseo__menus'),
(563, 'categories', 'cupon__models'),
(564, 'categories', 'cupon__menus'),
(565, 'categories', 'cupon__labels'),
(566, 'irtext__labels', 'ID'),
(567, 'irtext__labels', 'Categoría'),
(568, 'irtext__labels', 'Texto'),
(569, 'categories', 'categories'),
(570, 'categories', 'irtext__labels'),
(571, 'irtext__models', 'texto'),
(572, 'irtext__buttons', 'Save'),
(573, 'categories', 'irtext__buttons'),
(584, 'irseo__models', 'SEO URLs'),
(585, 'irseo__models', 'URLs'),
(586, 'modules', 'SEO'),
(587, 'irseo__menus', 'SEO'),
(588, 'labels', 'Administracion'),
(589, 'labels', 'Usuarios'),
(590, 'labels', 'Textos'),
(591, 'labels', 'Autenticación Hibrida'),
(592, 'labels', 'Usuario'),
(593, 'labels', 'Perfil'),
(594, 'labels', 'Editar'),
(595, 'labels', 'Cambiar Contraseña'),
(596, 'labels', 'FrontEnd'),
(597, 'labels', 'Ir al Inicio'),
(598, 'labels', 'Enter username and password to continue.'),
(599, 'UserModule.user', 'E-mail'),
(600, 'UserModule.user', 'password'),
(601, 'labels', 'Enter your e-mail address below and we will send you instructions how to recover a password.'),
(602, 'labels', 'Back to login'),
(603, 'UserModule.user', 'username'),
(604, 'UserModule.user', 'Retype Password'),
(605, 'UserModule.user', 'Verification Code'),
(606, 'UserModule.user', 'Id'),
(607, 'UserModule.user', 'activation key'),
(608, 'UserModule.user', 'Registration date'),
(609, 'UserModule.user', 'Last visit'),
(610, 'UserModule.user', 'Superuser'),
(611, 'UserModule.user', 'Status'),
(612, 'UserModule.user', 'Not active'),
(613, 'UserModule.user', 'Active'),
(614, 'UserModule.user', 'Banned'),
(615, 'UserModule.user', 'No'),
(616, 'UserModule.user', 'Yes'),
(617, 'irseo__menus', 'Administración'),
(618, 'YcmModule.ycm', 'Create'),
(619, 'irseo__labels', 'ID'),
(620, 'irseo__labels', 'SEO URL'),
(621, 'irseo__labels', 'Distinguir mayúsculas de minúsculas'),
(622, 'irseo__labels', 'Ruta'),
(623, 'irseo__labels', 'Parámetros'),
(624, 'irseo__labels', 'Surfijo'),
(625, 'irseo__labels', 'Parámetros por defecto'),
(626, 'irseo__labels', 'Valor'),
(627, 'irseo__labels', 'Verbo'),
(628, 'irseo__labels', 'Solo parsear'),
(629, 'irseo__labels', 'Preferencias'),
(630, 'irseo__labels', 'Patrón de la Ruta'),
(631, 'irseo__labels', 'Plantilla'),
(632, 'irseo__labels', 'Añadir'),
(633, 'irseo__labels', 'Tiene información de servidor'),
(634, 'irseo__labels', 'SEO Title'),
(635, 'irseo__labels', 'SEO Description'),
(636, 'irseo__labels', 'SEO Palabras clave'),
(637, 'irseo__models', 'url'),
(638, 'YcmModule.ycm', 'Edit {name}'),
(639, 'YcmModule.ycm', 'Save'),
(640, 'YcmModule.ycm', 'Save and add another'),
(641, 'YcmModule.ycm', 'Save and continue editing'),
(642, 'YcmModule.ycm', 'Delete'),
(643, 'YcmModule.ycm', 'Are you sure you want to delete this item?'),
(644, 'labels', 'Shop'),
(645, 'labels', 'Categories'),
(646, 'labels', 'Product Specification'),
(647, 'labels', 'Taxes'),
(648, 'labels', 'Shipping Methods'),
(649, 'labels', 'Payment Methods'),
(650, 'labels', 'Orders'),
(651, 'labels', 'Products'),
(652, 'ShopModule.shop', 'Manage'),
(653, 'ShopModule.shop', 'Category'),
(654, 'ShopModule.shop', 'Parent'),
(655, 'ShopModule.shop', '<i class="icon-plus" /></i> Create a new Category'),
(656, 'ShopModule.shop', 'Product'),
(657, 'ShopModule.shop', 'images'),
(658, 'ShopModule.shop', 'Title'),
(659, 'ShopModule.shop', 'Description'),
(660, 'ShopModule.shop', 'Price'),
(661, 'ShopModule.shop', '<i class="icon-plus" /></i> Product'),
(662, 'ShopModule.shop', 'Categories'),
(663, 'ShopModule.shop', 'Create'),
(664, 'ShopModule.shop', 'Manage Categories'),
(665, 'ShopModule.shop', 'Create Category'),
(666, 'ShopModule.shop', 'Root level'),
(667, 'ShopModule.shop', 'Update Category'),
(668, 'ShopModule.shop', 'Delete Category'),
(669, 'ShopModule.shop', 'Are you sure you want to delete this item?'),
(670, 'ShopModule.shop', 'Language'),
(671, 'ShopModule.shop', 'Seo Url ID'),
(672, 'ShopModule.shop', 'SEO URL'),
(673, 'ShopModule.shop', 'SEO Title'),
(674, 'ShopModule.shop', 'SEO Keywords'),
(675, 'ShopModule.shop', 'SEO Description'),
(676, 'irseo__buttons', 'Buscar'),
(677, 'irseo__buttons', 'Agregar'),
(678, 'irseo__labels', 'URL'),
(679, 'irseo__labels', 'title'),
(680, 'irseo__labels', 'description'),
(681, 'irseo__labels', 'keywords'),
(682, 'irseo__labels', 'SEO Metas'),
(683, 'irseo__buttons', 'Search'),
(684, 'ShopModule.shop', 'Update'),
(685, 'ShopModule.shop', 'View Category'),
(686, 'ShopModule.shop', 'Manage Category'),
(687, 'ShopModule.shop', 'Save'),
(688, 'shop', 'Product'),
(689, 'shop', 'Create'),
(690, 'ShopModule.shop', 'Manage Products'),
(691, 'ShopModule.shop', 'Create a new Product'),
(692, 'ShopModule.shop', 'Product Information'),
(693, 'labels', 'Select any category'),
(694, 'ShopModule.shop', 'Product Specifications'),
(695, 'ShopModule.shop', 'Seo'),
(696, 'ShopModule.shop', 'Create Product'),
(697, 'ShopModule.shop', 'Update Product'),
(698, 'ShopModule.shop', 'Delete Product'),
(699, 'ShopModule.shop', 'Manage Images'),
(700, 'ShopModule.shop', 'Tax'),
(701, 'ShopModule.shop', 'Images Gallery'),
(702, 'ShopModule.shop', '<i class="icon-picture" /></i> Manage Images'),
(703, 'ShopModule.shop', 'no image'),
(704, 'ShopModule.shop', 'External system ID'),
(705, 'ShopModule.shop', 'Products'),
(706, 'ShopModule.shop', 'All products'),
(707, 'ShopModule.shop', 'All prices are including VAT'),
(708, 'ShopModule.shop', 'All prices excluding shipping costs'),
(709, 'ShopModule.shop', 'Available shipping methods'),
(710, 'ShopModule.shop', 'show product'),
(711, 'ShopModule.shop', 'Product Categories'),
(712, 'ShopModule.shop', 'Administration'),
(713, 'ShopModule.shop', 'Shop'),
(714, 'ShopModule.shop', 'Article categories'),
(715, 'ShopModule.shop', 'Article specifications'),
(716, 'ShopModule.shop', 'Articles'),
(717, 'ShopModule.shop', 'Shipping methods'),
(718, 'ShopModule.shop', 'Payment methods'),
(719, 'ShopModule.shop', 'Orders'),
(720, 'ShopModule.shop', 'Amount'),
(721, 'ShopModule.shop', 'Add to shopping Cart'),
(722, 'ShopModule.shop', 'The product has been added to the shopping cart'),
(723, 'ShopModule.shop', 'Shopping cart'),
(724, 'ShopModule.shop', 'Price total: {total}'),
(725, 'ShopModule.shop', 'All prices are including VAT: {vat}'),
(726, 'ShopModule.shop', 'Customer information'),
(727, 'ShopModule.shop', 'Shipping'),
(728, 'ShopModule.shop', 'Payment'),
(729, 'ShopModule.shop', 'Confirm'),
(730, 'ShopModule.shop', 'Success'),
(731, 'ShopModule.shop', 'Image'),
(732, 'ShopModule.shop', 'Variation'),
(733, 'ShopModule.shop', 'Price Single'),
(734, 'ShopModule.shop', 'Sum'),
(735, 'ShopModule.shop', 'Actions'),
(736, 'ShopModule.shop', 'Remove'),
(737, 'ShopModule.shop', 'Are you sure?'),
(738, 'ShopModule.shop', 'Buy additional Products'),
(739, 'ShopModule.shop', 'Buy this products'),
(740, 'ShopModule.shop', 'Customers'),
(741, 'ShopModule.shop', 'Register as a new Customer'),
(742, 'ShopModule.shop', 'Please enter your Customer information'),
(743, 'ShopModule.shop', 'I am a registered customer'),
(744, 'ShopModule.shop', 'here'),
(745, 'ShopModule.shop', 'Click {link} if you are already registered'),
(746, 'ShopModule.shop', 'I am a new customer'),
(747, 'ShopModule.shop', 'Registration information'),
(748, 'ShopModule.shop', 'Firstname'),
(749, 'ShopModule.shop', 'Lastname'),
(750, 'ShopModule.shop', 'Street'),
(751, 'ShopModule.shop', 'Zipcode'),
(752, 'ShopModule.shop', 'City'),
(753, 'ShopModule.shop', 'Country'),
(754, 'ShopModule.shop', 'Customer'),
(755, 'ShopModule.shop', 'Userid'),
(756, 'ShopModule.shop', 'Address'),
(757, 'ShopModule.shop', 'Billing Address'),
(758, 'ShopModule.shop', 'Delivery Address'),
(759, 'ShopModule.shop', 'Email'),
(760, 'ShopModule.shop', 'Register'),
(761, 'labels', '...Back'),
(762, 'labels', 'Logout'),
(763, 'UserModule.user', 'Incorrect username (length between 3 and 20 characters).'),
(764, 'UserModule.user', 'Incorrect password (minimal length 4 symbols).'),
(765, 'UserModule.user', 'This user''s name already exists.'),
(766, 'UserModule.user', 'This user''s email adress already exists.'),
(767, 'UserModule.user', 'Please enter the letters as they are shown in the image above.'),
(768, 'UserModule.user', 'Letters are not case-sensitive.'),
(769, 'labels', 'Important !!'),
(770, 'labels', '<small>Fields with <span class="required">*</span> are required.</small>'),
(771, 'labels', 'Select sex'),
(772, 'labels', 'Masculino'),
(773, 'labels', 'Femenino'),
(774, 'ShopModule.shop', 'Sex'),
(775, 'ShopModule.shop', 'Phone'),
(776, 'UserModule.user', 'You registered from {site_name}'),
(777, 'UserModule.user', 'Please activate you account go to {activation_url}'),
(778, 'UserModule.user', 'Thank you for your registration. Please check your email.'),
(779, 'UserModule.user', 'User activation'),
(780, 'UserModule.user', 'You account is activated.'),
(781, 'UserModule.user', 'You account is active.'),
(782, 'ShopModule.shop', 'Continue with the order'),
(783, 'ShopModule.shop', 'Login and continue with the order'),
(784, 'HOAuthAction.root', 'Sign in with'),
(785, 'UserModule.user', 'Cedula'),
(786, 'ShopModule.shop', 'Cedula'),
(787, 'ShopModule.shop', 'House number'),
(788, 'ShopModule.shop', 'Shipping options'),
(789, 'ShopModule.shop', 'Shipping address'),
(790, 'ShopModule.shop', 'Continue'),
(791, 'ShopModule.shop', 'Order'),
(792, 'ShopModule.shop', 'New Order'),
(793, 'ShopModule.shop', 'Confirmation'),
(794, 'ShopModule.shop', 'Your shopping cart is empty'),
(795, 'ShopModule.shop', 'Edit'),
(796, 'ShopModule.shop', 'Shipping Method'),
(797, 'ShopModule.shop', 'Edit shipping method'),
(798, 'ShopModule.shop', 'Payment method'),
(799, 'ShopModule.shop', 'Edit payment method'),
(800, 'ShopModule.shop', 'Please add additional comments to the order here'),
(801, 'modules', 'Textos'),
(802, 'modules', 'Administración'),
(803, 'labels', 'password'),
(804, 'theme__models', 'AboutContents'),
(805, 'theme__labels', 'ID'),
(806, 'theme__labels', 'Title'),
(807, 'theme__labels', 'Short Description'),
(808, 'theme__labels', 'Full Description'),
(809, 'labels', 'Buscar AboutContents'),
(810, 'theme__models', 'aboutcontent'),
(811, 'labels', '<i class="glyphicon glyphicon-plus" /></i>Agregar aboutcontent'),
(812, 'labels', 'Los datos han sido almacenados satisfactoriamente'),
(813, 'labels', 'Agregar'),
(814, 'YcmModule.ycm', 'Create {name}'),
(815, 'labels', 'Salvar aboutcontent'),
(816, 'labels', 'Borrar formulario'),
(817, 'labels', 'Lo sentimos ha ocurrido un error al salvar el elemento.'),
(818, 'labels', '<i class="glyphicon glyphicon-remove" /></i>Eliminar aboutcontent'),
(819, 'labels', 'El elemento se ha salvado satisfactoriamente.'),
(820, 'TbEditableField.editable', 'Enter'),
(821, 'labels', '<i class="glyphicon glyphicon-briefcase" /></i>Gestionar AboutContents'),
(822, 'labels', '<i class="glyphicon glyphicon-saved" /></i>Actualizar aboutcontent'),
(823, 'theme__labels', 'Active'),
(824, 'labels', 'No'),
(825, 'labels', 'Yes'),
(826, 'labels', 'All'),
(827, 'app', 'Yes'),
(828, 'TbEditableField.editable', 'Select'),
(829, 'labels', 'Los cambios han sido almacenados satisfactoriamente.'),
(830, 'app', 'No'),
(831, 'labels', 'El elemento fue eliminado satisfactoriamente.'),
(832, 'sideMenu', 'About Us'),
(833, 'sideMenu', 'About Images'),
(834, 'theme__models', 'AboutImages'),
(835, 'theme__labels', 'Image Alt'),
(836, 'theme__labels', 'Position'),
(837, 'theme__labels', 'About Content'),
(838, 'labels', 'Por favor, introduzca un image_alt'),
(839, 'labels', 'Por favor, introduzca un position'),
(840, 'labels', 'Buscar AboutImages'),
(841, 'theme__models', 'aboutimage'),
(842, 'labels', '<i class="glyphicon glyphicon-plus" /></i>Agregar aboutimage'),
(843, 'labels', 'Salvar aboutimage'),
(844, 'labels', '<i class="glyphicon glyphicon-remove" /></i>Eliminar aboutimage'),
(845, 'labels', '<i class="glyphicon glyphicon-plus" /></i>Add item'),
(846, 'labels', 'The data was save with success'),
(847, 'labels', '<i class="glyphicon glyphicon-briefcase" /></i>Manage item'),
(848, 'labels', '<i class="glyphicon glyphicon-saved" /></i>Update item'),
(849, 'labels', '<i class="glyphicon glyphicon-remove" /></i>Remove item'),
(850, 'labels', 'Data was saved with success'),
(851, 'labels', 'Back'),
(852, 'labels', 'Save item'),
(853, 'labels', 'Reset form'),
(854, 'labels', 'Please, insert image_alt'),
(855, 'labels', 'Please, insert position'),
(856, 'labels', 'Please, select about_content_id'),
(857, 'labels', 'Please, select the picture'),
(858, 'labels', 'aboutContent'),
(859, 'labels', 'Image'),
(860, 'sideMenu', 'Banner Slide'),
(861, 'sideMenu', 'Service Content'),
(862, 'sideMenu', 'Service Images'),
(863, 'sideMenu', 'Gallery'),
(864, 'theme__models', 'BannerSlides'),
(865, 'theme__labels', 'Content Title'),
(866, 'theme__labels', 'Content Description'),
(867, 'labels', 'Buscar BannerSlides'),
(868, 'labels', 'Create gallery for About Us'),
(869, 'labels', 'Please, select position'),
(870, 'labels', 'Edit gallery for About Us'),
(871, 'labels', 'About Content'),
(872, 'labels', 'Create About Content'),
(873, 'labels', 'Add'),
(874, 'labels', 'Edit'),
(875, 'labels', 'Edit About Content'),
(876, 'labels', 'View'),
(877, 'labels', 'Service Content'),
(878, 'theme__labels', 'Container Title'),
(879, 'theme__labels', 'Service Title'),
(880, 'theme__labels', 'Service Description'),
(881, 'theme__models', 'servicecontents'),
(882, 'labels', 'Buscar servicecontents'),
(883, 'labels', 'Home'),
(884, 'labels', 'Enterprise'),
(885, 'labels', 'System Company'),
(886, 'entity__labels', 'ID'),
(887, 'entity__labels', 'Name'),
(888, 'entity__labels', 'Description'),
(889, 'entity__labels', 'Mision'),
(890, 'entity__labels', 'Vision'),
(891, 'entity__labels', 'Phone'),
(892, 'entity__labels', 'Fax'),
(893, 'entity__labels', 'Url'),
(894, 'entity__labels', 'Email'),
(895, 'entity__labels', 'Full Adress'),
(896, 'entity__labels', 'Longitude'),
(897, 'entity__labels', 'Latitude'),
(898, 'entity__labels', 'Terms Conditions'),
(899, 'entity__labels', 'Shared Facebook'),
(900, 'entity__labels', 'Shared Google'),
(901, 'entity__labels', 'Shared Twitter'),
(902, 'entity__labels', 'Shared Instagram'),
(903, 'entity__labels', 'Logo'),
(904, 'entity__models', 'systemcompanies'),
(905, 'labels', 'Buscar systemcompanies'),
(906, 'labels', 'Create System Company'),
(907, 'labels', 'Phone Number'),
(908, 'labels', 'Fax Number'),
(909, 'labels', 'Edit System Company'),
(910, 'labels', 'View System Company'),
(911, 'labels', 'Please, select logo'),
(912, 'labels', 'Logo'),
(913, 'labels', 'Profile'),
(914, 'labels', 'Change password'),
(915, 'labels', 'Administration'),
(916, 'labels', 'Users'),
(917, 'labels', 'Texts'),
(918, 'labels', 'Hybrid auth'),
(919, 'labels', 'Permissions'),
(920, 'labels', 'Assigns'),
(921, 'labels', 'Roles'),
(922, 'labels', 'Tasks'),
(923, 'labels', 'Operations'),
(924, 'labels', 'Seo'),
(925, 'labels', 'Seo Url'),
(926, 'labels', 'URLs'),
(927, 'labels', 'Welcome to '),
(928, 'labels', ' Backend'),
(929, 'labels', 'Go to Home'),
(930, 'labels', 'Service Image'),
(931, 'theme__labels', 'Service Hover'),
(932, 'labels', 'Please, insert service_hover'),
(933, 'labels', 'Service 1'),
(934, 'labels', 'Service 2'),
(935, 'labels', 'Service 3'),
(936, 'labels', 'Service 4'),
(937, 'theme__models', 'serviceimages'),
(938, 'labels', 'Buscar serviceimages'),
(939, 'labels', 'Create Service Image'),
(940, 'labels', 'Gallery'),
(941, 'theme__labels', 'Image Title'),
(942, 'theme__models', 'galleries'),
(943, 'labels', 'Buscar galleries'),
(944, 'labels', 'Create Gallery'),
(945, 'labels', 'Banner Slide'),
(946, 'theme__models', 'bannerslide'),
(947, 'labels', 'Create Banner Slide'),
(948, 'labels', 'Edit Banner Slide'),
(949, 'labels', 'Gallery for About Us'),
(950, 'labels', 'Create Service Content'),
(951, 'labels', 'Edit Service Content'),
(952, 'labels', 'View Service Content'),
(953, 'giix', 'The requested page does not exist.'),
(954, 'AuthModule.main', 'Items'),
(955, 'categories', 'UserModule.user'),
(956, 'categories', 'app'),
(957, 'categories', 'seo'),
(958, 'categories', 'YcmModule.ycm'),
(959, 'categories', 'core'),
(960, 'categories', 'YiiMailer'),
(961, 'categories', 'irseo__labels'),
(962, 'categories', 'ShopModule.shop'),
(963, 'categories', 'irseo__buttons'),
(964, 'categories', 'shop'),
(965, 'categories', 'HOAuthAction.root'),
(966, 'categories', 'theme__models'),
(967, 'categories', 'theme__labels'),
(968, 'categories', 'TbEditableField.editable'),
(969, 'categories', 'sideMenu'),
(970, 'categories', 'entity__labels'),
(971, 'categories', 'entity__models'),
(972, 'categories', 'giix'),
(973, 'theme__menus', 'Administración'),
(974, 'labels', 'View Service Image'),
(975, 'labels', 'Legend'),
(976, 'labels', 'Position Legend'),
(977, 'labels', 'Edit Service Image'),
(978, 'labels', 'Edit Gallery'),
(979, 'entity__labels', 'Shared Youtube'),
(980, 'labels', 'read more'),
(981, 'labels', 'Services'),
(982, 'labels', '<p>is simply dummy text of the printing and typesetting industry. Lorem \r\nIpsum has been the industry''s stan dard dummy text ever since the 1500s,\r\n when an unknown printer took a galley of type and scrambled it to make a\r\n type specimen book. It has survived not only ?ve centuries, but also \r\nthe leap into electronic typesetting, remaining essentially unchanged. \r\nIt was popularised in the 1960s with the release of</p>'),
(983, 'labels', '<p>is simply dummy text of the printing and typesetting industry. Lorem \r\nIpsum has been the industry''s stan dard dummy text ever since the 1500s,\r\n when an unknown printer took a galley of type and scrambled it to make a\r\n type specimen book. It has survived not only ?</p>'),
(984, 'labels', NULL),
(985, 'labels', '<p>Lorem\r\n Ipsum is simply dummy text of the printing and typesetting industry. \r\nLorem Ipsum has been the industry''s standard dummy text ever since the \r\n1500s, when an unknown printer took a galley of type and scrambled it to\r\n make a type specimen book. It has survived not only five centuries, but\r\n also the leap into electronic typesetting, remaining essentially \r\nunchanged. It was popularised in the 1960s with the release of Letraset \r\nsheets containing Lorem Ipsum passages, and more recently</p>'),
(986, 'labels', '<p>Lorem Ipsum has been the industry''s standard dummy text ever \r\nsince the 1500s, when an unknown printer took a galley of type and \r\nscrambled it to make a type specimen book. It has survived not only five\r\n centuries, but also the leap into electronic typesetting, remaining \r\nessentially unchanged. It was popularised in the 1960s with the release \r\nof Letraset sheets containing Lorem Ipsum passages, and more recently</p>'),
(987, 'labels', 'Other Service'),
(988, 'sideMenu', 'Other Service'),
(989, 'sideMenu', 'Footer Links'),
(990, 'theme__models', 'OtherServices'),
(991, 'theme__labels', 'Description'),
(992, 'labels', 'Buscar OtherServices'),
(993, 'theme__models', 'otherservice'),
(994, 'labels', 'Other Services'),
(995, 'labels', 'View Other Service'),
(996, 'labels', 'Edit Other Service'),
(997, 'labels', 'Footer Links'),
(998, 'theme__labels', 'Link Text'),
(999, 'theme__labels', 'Link Url'),
(1000, 'theme__models', 'footerlinks'),
(1001, 'labels', 'Buscar footerlinks'),
(1002, 'labels', 'Create Footer Links'),
(1003, 'labels', 'View Gallery'),
(1004, 'labels', 'Exciting'),
(1005, 'labels', 'Visit Us'),
(1006, 'labels', 'Call Us'),
(1007, 'labels', 'E-mail us'),
(1008, 'labels', 'Contact Us Today !'),
(1009, 'labels', 'WEBSITE CREATED BY'),
(1010, 'labels', 'CONTACT INFO'),
(1011, 'labels', 'USEFUL LINKS'),
(1012, 'labels', 'FOLLOW US'),
(1013, 'labels', 'Copyright'),
(1014, 'labels', 'Powered by'),
(1015, 'labels', 'All Right Reserved'),
(1016, 'labels', 'Sorry, we have some problem with our server'),
(1017, 'labels', 'Contact Us'),
(1018, 'labels', 'Mensaje de: '),
(1019, 'labels', 'Thanks you for contact us. We answer you as soon as possible.'),
(1020, 'labels', 'You made a not valid POST request, we have some problem with our server'),
(1021, 'app', 'Delete confirmation'),
(1022, 'app', 'Update mix'),
(1023, 'app', 'Preview mix'),
(1024, 'promoter', 'Adjust thumbnail cropping'),
(1025, 'promoter', 'Apply cropping'),
(1026, 'promoter', 'Cancel cropping'),
(1027, 'labels', 'error'),
(1028, 'entity__labels', 'cropX'),
(1029, 'entity__labels', 'cropY'),
(1030, 'entity__labels', 'cropW'),
(1031, 'entity__labels', 'cropH'),
(1032, 'labels', '<i class="glyphicon glyphicon-picture" /></i>Crop Image'),
(1033, 'labels', 'Crop'),
(1034, 'labels', 'Crop Image'),
(1035, 'labels', 'Sorry, we have an error.'),
(1036, 'labels', 'The image was cropped.'),
(1037, 'labels', 'Error, had been an error savind the item.'),
(1038, 'theme__labels', 'Created'),
(1039, 'theme__labels', 'Updated'),
(1040, 'theme__labels', 'Owner'),
(1041, 'labels', 'About Image'),
(1042, 'entity__labels', 'Level'),
(1043, 'labels', 'Level'),
(1044, 'UserModule.user', 'Incorrect symbols (A-Za-z0-9 áéíóúÁÉÍÓÚÀÈÌÒÙàèìòùäëïöüâêîôû&Çç).'),
(1045, 'UserModule.user', 'Users'),
(1046, 'UserModule.user', 'Manage User'),
(1047, 'UserModule.user', 'Create User'),
(1048, 'UserModule.user', 'Not visited'),
(1049, 'sideMenu', 'Navigation Menu'),
(1050, 'theme__models', 'NavegationMenus'),
(1051, 'theme__labels', 'About Us'),
(1052, 'theme__labels', 'Services'),
(1053, 'theme__labels', 'Service1'),
(1054, 'theme__labels', 'Service2'),
(1055, 'theme__labels', 'Service3'),
(1056, 'theme__labels', 'Service4'),
(1057, 'theme__labels', 'Contact Us'),
(1058, 'theme__labels', 'Facebook'),
(1059, 'theme__labels', 'Twitter'),
(1060, 'theme__labels', 'Youtube'),
(1061, 'theme__labels', 'Google'),
(1062, 'labels', 'Buscar NavegationMenus'),
(1063, 'theme__models', 'navegationmenu'),
(1064, 'theme__labels', 'Google++'),
(1065, 'labels', 'Navigation Menu'),
(1066, 'labels', 'Create a Navigation Menu'),
(1067, 'labels', 'Update'),
(1068, 'labels', 'Update Navigation Menu'),
(1069, 'labels', 'View Navigation Menu'),
(1070, 'theme__labels', 'Subtitle'),
(1071, 'theme__labels', 'Long Description'),
(1072, 'labels', 'Sorry, had been an error to save the item.'),
(1073, 'labels', '<i class="glyphicon glyphicon-picture" /></i>Add Pictures'),
(1074, 'labels', 'The element was saved with success'),
(1075, 'theme__labels', 'Image Left'),
(1076, 'theme__labels', 'Image Center'),
(1077, 'theme__labels', 'Image Right'),
(1078, 'labels', 'Image Left'),
(1079, 'labels', 'Image Center'),
(1080, 'labels', 'Image Right'),
(1081, 'theme__labels', 'Left Image Alt'),
(1082, 'theme__labels', 'Center Image Alt'),
(1083, 'theme__labels', 'Right Image Alt'),
(1084, 'labels', 'Please, insert image_alt for image 1'),
(1085, 'labels', 'Please, insert image_alt for image 2'),
(1086, 'labels', 'Please, insert image_alt for image 3'),
(1087, 'sideMenu', 'Services'),
(1088, 'sideMenu', 'Services Images'),
(1089, 'labels', 'Service 1sdfsdfsdfsfasfsd'),
(1090, 'labels', 'Website Created By ThruAds.com'),
(1091, 'sideMenu', 'Contact Us'),
(1092, 'labels', '<p>safsdfsdf</p>'),
(1093, 'labels', 'Please, insert service title'),
(1094, 'labels', 'Please, insert title'),
(1095, 'theme__models', 'ContactUses'),
(1096, 'theme__labels', 'Company Name'),
(1097, 'theme__labels', 'Phone'),
(1098, 'theme__labels', 'Email'),
(1099, 'theme__labels', 'Full Adress'),
(1100, 'theme__labels', 'Longitude'),
(1101, 'theme__labels', 'Latitude'),
(1102, 'labels', 'Please, insert longitude'),
(1103, 'labels', 'Please, insert latitude'),
(1104, 'labels', 'Buscar ContactUses'),
(1105, 'theme__models', 'contactus'),
(1106, 'theme__labels', 'Contact Email'),
(1107, 'theme__labels', 'Form Contact Email'),
(1108, 'labels', 'Create Contact Us'),
(1109, 'labels', 'Update Contact Us'),
(1110, 'theme__labels', 'Service 1'),
(1111, 'theme__labels', 'Service 2'),
(1112, 'theme__labels', 'Service 3'),
(1113, 'theme__labels', 'Service 4'),
(1114, 'theme__labels', 'Shared Facebook URL'),
(1115, 'theme__labels', 'Shared Twitter URL'),
(1116, 'theme__labels', 'Shared Youtube URL'),
(1117, 'theme__labels', 'Shared Google++ URL'),
(1118, 'theme__labels', 'Other Tab'),
(1119, 'labels', 'Please, insert About Us Title'),
(1120, 'labels', 'Please, insert Service 1 Title'),
(1121, 'labels', 'Please, insert Service 2 Title'),
(1122, 'labels', 'Please, insert Service 3 Title'),
(1123, 'labels', 'Please, insert Service 4 Title'),
(1124, 'labels', 'Please, insert Other Tab Title'),
(1125, 'labels', 'Please, insert Contact Us Title'),
(1126, 'labels', 'Please, insert Facebook URL'),
(1127, 'labels', 'Please, insert Twitter URL'),
(1128, 'labels', 'Please, insert YOUTUBE URL'),
(1129, 'labels', 'Please, insert Google ++ URL'),
(1130, 'labels', 'Please, insert a Title'),
(1131, 'labels', 'Please, insert a Subtitle'),
(1132, 'labels', 'View Contact Us'),
(1133, 'labels', 'Please, insert Company Name'),
(1134, 'theme__labels', 'Link1 Text'),
(1135, 'theme__labels', 'Link1 Url'),
(1136, 'theme__labels', 'Link2 Text'),
(1137, 'theme__labels', 'Link2 Url'),
(1138, 'theme__labels', 'Link3 Text'),
(1139, 'theme__labels', 'Link3 Url'),
(1140, 'theme__labels', 'File1'),
(1141, 'theme__labels', 'Title File1'),
(1142, 'theme__labels', 'File2'),
(1143, 'theme__labels', 'Title File2'),
(1144, 'theme__labels', 'File3'),
(1145, 'theme__labels', 'Title File3'),
(1146, 'theme__labels', 'Compay Name'),
(1147, 'theme__models', 'footerlink'),
(1148, 'labels', 'Please, insert Title for link 1'),
(1149, 'labels', 'Please, insert URL for link 1'),
(1150, 'labels', 'Please, insert Title for link 2'),
(1151, 'labels', 'Please, insert URL for link 2'),
(1152, 'labels', 'Please, insert Title for link 3'),
(1153, 'labels', 'Please, insert URL for link 3'),
(1154, 'labels', 'Only PDF file are available'),
(1155, 'labels', 'Please, insert Title for file 1'),
(1156, 'labels', 'Please, insert Title for file 2'),
(1157, 'labels', 'Please, insert Title for file 3'),
(1158, 'theme__labels', 'Link 1 Title'),
(1159, 'theme__labels', 'Link 1 Url'),
(1160, 'theme__labels', 'Link 2 Title'),
(1161, 'theme__labels', 'Link 2 Url'),
(1162, 'theme__labels', 'Link 3 Title'),
(1163, 'theme__labels', 'Link 3 Url'),
(1164, 'theme__labels', 'File 1'),
(1165, 'theme__labels', 'Title File 1'),
(1166, 'theme__labels', 'File 2'),
(1167, 'theme__labels', 'Title File 2'),
(1168, 'theme__labels', 'File 3'),
(1169, 'theme__labels', 'Title File 3'),
(1170, 'labels', 'The changes had been saved with success'),
(1171, 'labels', 'Download'),
(1172, 'sideMenu', 'Footer'),
(1173, 'labels', 'Footer'),
(1174, 'sideMenu', 'SEO'),
(1175, 'irseo__models', 'SEO URL'),
(1176, 'labels', 'View Footer'),
(1177, 'categories', 'theme__menus'),
(1178, 'categories', 'promoter'),
(1179, 'irtext__models', 'Textos'),
(1180, 'irtext__labels', 'Lenguaje'),
(1181, 'irtext__labels', 'Traducción'),
(1182, 'labels', 'Home Page'),
(1183, 'labels', 'About Us'),
(1184, 'labels', 'Services(General Pages)'),
(1185, 'sideMenu', 'General Information'),
(1186, 'sideMenu', 'Details per Service'),
(1187, 'labels', 'Services Page'),
(1188, 'sideMenu', 'General Info'),
(1189, 'sideMenu', 'First Images Section'),
(1190, 'sideMenu', 'Second Images Section'),
(1191, 'sideMenu', 'Downloads Documents'),
(1192, 'sideMenu', 'Useful Links'),
(1193, 'sideMenu', 'Power by'),
(1194, 'theme__labels', 'Slide'),
(1195, 'theme__labels', 'Service 1 Title'),
(1196, 'theme__labels', 'Service 1 Short Description'),
(1197, 'theme__labels', 'Service 2 Title'),
(1198, 'theme__labels', 'Service 2 Short Description'),
(1199, 'theme__labels', 'Service 3 Title'),
(1200, 'theme__labels', 'Service 3 Short Description'),
(1201, 'theme__labels', 'Service 4 Title'),
(1202, 'theme__labels', 'Service 4 Short Description'),
(1203, 'theme__models', 'servicecontent'),
(1204, 'labels', 'Please, insert service_title1'),
(1205, 'labels', 'Please, insert service_title2'),
(1206, 'labels', 'Please, insert service_title3'),
(1207, 'labels', 'Please, insert service_title4'),
(1208, 'labels', 'Please, insert title for service 1'),
(1209, 'labels', 'Please, insert title for service 2'),
(1210, 'labels', 'Please, insert title for service 3'),
(1211, 'labels', 'Please, insert title for service 4'),
(1212, 'labels', 'Success, item was saved.'),
(1213, 'YcmModule.ycm', 'View {name}'),
(1214, 'theme__labels', 'Image Alt1'),
(1215, 'theme__labels', 'Service Title1'),
(1216, 'theme__labels', 'Service Hover1'),
(1217, 'theme__labels', 'Image Alt2'),
(1218, 'theme__labels', 'Service Title2'),
(1219, 'theme__labels', 'Service Hover2'),
(1220, 'theme__labels', 'Image Alt3'),
(1221, 'theme__labels', 'Service Title3'),
(1222, 'theme__labels', 'Service Hover3'),
(1223, 'theme__labels', 'Image Alt4'),
(1224, 'theme__labels', 'Service Title4'),
(1225, 'theme__labels', 'Service Hover4'),
(1226, 'theme__labels', 'Serv-1 Image Alt 1'),
(1227, 'theme__labels', 'Serv-1 Title'),
(1228, 'theme__labels', 'Serv-1 Hover 1'),
(1229, 'theme__labels', 'Serv-1 Image Alt 2'),
(1230, 'theme__labels', 'Serv-1 Hover 2'),
(1231, 'theme__labels', 'Serv-1 Image Alt 3'),
(1232, 'theme__labels', 'Serv-1 Hover 3'),
(1233, 'theme__labels', 'Serv-2 Image Alt'),
(1234, 'theme__labels', 'Serv-2 Title'),
(1235, 'theme__labels', 'Serv-2 Hover'),
(1236, 'theme__labels', 'Serv-3 Image Alt'),
(1237, 'theme__labels', 'Serv-3 Title'),
(1238, 'theme__labels', 'Serv-3 Hover'),
(1239, 'theme__labels', 'Serv-4 Image Alt'),
(1240, 'theme__labels', 'Serv-4 Title'),
(1241, 'theme__labels', 'Serv-4 Hover'),
(1242, 'labels', 'Please, insert serv1_image_alt1'),
(1243, 'labels', 'Please, insert service1_title'),
(1244, 'labels', 'Please, insert service1_image_alt2'),
(1245, 'labels', 'Please, insert service1_image_alt3'),
(1246, 'labels', 'Please, insert service2_image_alt'),
(1247, 'labels', 'Please, insert service2_title'),
(1248, 'labels', 'Please, insert service3_image_alt'),
(1249, 'labels', 'Please, insert service3_title'),
(1250, 'labels', 'Please, insert service4_image_alt'),
(1251, 'labels', 'Please, insert service4_title'),
(1252, 'theme__labels', 'Image for Service 1'),
(1253, 'theme__labels', 'Image for Service 2'),
(1254, 'theme__labels', 'Image for Service 3'),
(1255, 'theme__labels', 'Image for Service 4'),
(1256, 'theme__labels', 'Image for Service 5'),
(1257, 'theme__labels', 'Image for Service 6'),
(1258, 'theme__models', 'serviceimage'),
(1259, 'labels', 'Image 1'),
(1260, 'labels', 'Image 2'),
(1261, 'labels', 'Image 3'),
(1262, 'labels', 'Image 4'),
(1263, 'labels', 'Image 5'),
(1264, 'labels', 'Image 6'),
(1265, 'labels', 'Success, the changes were saved.'),
(1266, 'labels', 'First Section Image'),
(1267, 'labels', 'Edit First Section Image'),
(1268, 'labels', 'Second Section Image'),
(1269, 'theme__labels', 'Image'),
(1270, 'theme__models', 'gallery2s'),
(1271, 'labels', 'Buscar gallery2s'),
(1272, 'labels', 'Create Second Section Image'),
(1273, 'labels', 'Create First Section Image'),
(1274, 'labels', 'Item was deleted with success'),
(1275, 'labels', 'View Second Section Image'),
(1276, 'labels', 'Welcome to our Backend'),
(1277, 'labels', 'Powered by iReevo'),
(1278, 'labels', 'Please, insert company_name'),
(1279, 'theme__models', 'footercompany'),
(1280, 'theme__labels', 'Upload Document 1'),
(1281, 'theme__labels', 'Title Document 1'),
(1282, 'theme__labels', 'Upload Document 2'),
(1283, 'theme__labels', 'Title Document 2'),
(1284, 'theme__labels', 'Upload Document 3'),
(1285, 'theme__labels', 'Title Document 3'),
(1286, 'labels', 'Please, insert title_file1'),
(1287, 'labels', 'Please, insert title_file2'),
(1288, 'labels', 'Please, insert title_file3'),
(1289, 'labels', 'Please, upload document'),
(1290, 'labels', 'Document 1'),
(1291, 'labels', 'Document 2'),
(1292, 'labels', 'Document 3'),
(1293, 'theme__labels', 'Usefull Link Title 1'),
(1294, 'theme__labels', 'Usefull Link 1'),
(1295, 'theme__labels', 'Usefull Link Title 2'),
(1296, 'theme__labels', 'Usefull Link 2'),
(1297, 'theme__labels', 'Usefull Link Title 3'),
(1298, 'theme__labels', 'Usefull Link 3'),
(1299, 'labels', 'Please, insert link1_text'),
(1300, 'labels', 'Please, insert link1_url'),
(1301, 'labels', 'Please, insert link2_text'),
(1302, 'labels', 'Please, insert link2_url'),
(1303, 'labels', 'Please, insert link3_text'),
(1304, 'labels', 'Please, insert link3_url'),
(1305, 'theme__labels', 'Shared Google+ URL'),
(1306, 'labels', 'Edit Second Section Image'),
(1307, 'UserModule.user', 'Incorrect symbols (A-z0-9 áéíóúÁÉÍÓÚÀÈÌÒÙàèìòùäëïöüâêîôû&Çç).'),
(1308, 'UserModule.user', 'New password is saved.'),
(1309, 'labels', 'The Healthy Choice'),
(1310, 'labels', 'BE PART OF THE HEALTHY COMMUNITY , MAKE IT HAPPEND'),
(1311, 'labels', 'About The Health Choice'),
(1312, 'labels', 'Lorem Ipsum'),
(1313, 'labels', 'Lorem Ipsum Lorem Ipsum'),
(1314, 'labels', '<p>simply dummy text of the printing and typesetting industry. Lorem \r\nIpsum has been the industry''s stan dard dummy text ever since the 1500s,\r\n when an unknown printer took a galley of type and scrambled it to make a\r\n type specimen book. It has survived not only ?ve centuries, but also \r\nthe leap into electronic typesetting, remaining essentially unchanged. \r\nIt was popularised in the 1960s with the release of</p>'),
(1315, 'labels', 'Service 1 Title'),
(1316, 'labels', 'Lorem Ipsum is simply dummy text of the printing and typesetting industry. Lorem Ipsum has been the industry''s standard dummy text ever since the 1500s, when an unknown printer took a galley of type and scrambled it to make a type specimen book. It has survived not only five centuries, but also the leap into electronic typesetting, remaining essentially unchanged. It was popularised in the 1960s with the release of Letraset sheets containing Lorem Ipsum passages, and more recently '),
(1317, 'labels', 'Other Services-Products'),
(1318, 'labels', '<p>Lorem Ipsum is simply dummy text of the printing and typesetting \r\nindustry. Lorem Ipsum has been the industry''s standard dummy text ever \r\nsince the 1500s, when an unknown printer took a galley of type and \r\nscrambled it to make a type specimen book. It has survived not only ?ve \r\ncenturies, but also the leap into electronic typesetting, remaining \r\nessentially unchanged. It was popularised in the 1960s with the release \r\nof Letraset sheets containing Lorem Ipsum passages, and more recently \r\nwith desktop publishing software like Aldus PageMaker including ver \r\nsions of Lorem Ipsum.  Lorem Ipsum is simply dummy text of the printing \r\nand typesetting industry. Lorem Ipsum has been the industry''s stan dard \r\ndummy text ever since the 1500s, when an unknown printer took a galley \r\nof type and scrambled it to make a type specimen book. It has survived \r\nnot only ?ve centuries, but also the leap into electronic typesetting, \r\nremaining essentially unchanged. It was popularised in the 1960s.</p>'),
(1319, 'labels', 'Adress , City, State <br>Coutry, Zip Code<br>'),
(1320, 'labels', 'Header Information'),
(1321, 'labels', 'Logo Site'),
(1322, 'sideMenu', 'Logo Site'),
(1323, 'labels', 'Home Information'),
(1324, 'sideMenu', 'Home Page'),
(1325, 'labels', 'About Page'),
(1326, 'sideMenu', 'About Page'),
(1327, 'labels', 'Exhibitions'),
(1328, 'labels', 'Exhibitions Section 1'),
(1329, 'sideMenu', 'Exhibitions Section 1'),
(1330, 'labels', 'Exhibitions Section 2'),
(1331, 'sideMenu', 'Exhibitions Section 2'),
(1332, 'labels', 'Contact Page'),
(1333, 'sideMenu', 'Contact Page'),
(1334, 'labels', 'Artwork'),
(1335, 'labels', 'Artwork Main'),
(1336, 'sideMenu', 'Artwork Main'),
(1337, 'labels', 'Artworks Top Filters'),
(1338, 'sideMenu', 'Artworks Top Filters'),
(1339, 'labels', 'Artworks Bottom Filters'),
(1340, 'sideMenu', 'Artworks Bottom Filters'),
(1341, 'labels', 'Artworks Galleries'),
(1342, 'sideMenu', 'Artworks Galleries'),
(1343, 'labels', 'Footer Menu Options'),
(1344, 'sideMenu', 'Footer Menu Options'),
(1345, 'labels', 'Catalogs'),
(1346, 'sideMenu', 'Catalogs'),
(1347, 'sideMenu', 'Social Media'),
(1348, 'sideMenu', 'Resume File'),
(1349, 'sideMenu', 'Copy Right Information'),
(1350, 'irseo__menus', 'SEO Url'),
(1351, 'labels', 'General Tracking'),
(1352, 'labels', 'Particular Tracking'),
(1353, 'labels', 'Site Logo'),
(1354, 'sideMenu', 'Site Logo'),
(1355, 'theme__labels', 'About us text'),
(1356, 'theme__labels', 'Exhibitions text'),
(1357, 'theme__labels', 'ArtWork text'),
(1358, 'theme__labels', 'Contact us text'),
(1359, 'YcmModule.ycm', 'Create General Header Information'),
(1360, 'labels', 'The image dimensions are 388x43px'),
(1361, 'theme__labels', 'Site Logo alt'),
(1362, 'theme__labels', 'Site Logo'),
(1363, 'theme__labels', 'Banner Image alt'),
(1364, 'theme__labels', 'Banner Title'),
(1365, 'theme__labels', 'Banner Subtitle'),
(1366, 'theme__labels', 'Banner Link'),
(1367, 'theme__labels', 'Banner Image'),
(1368, 'YcmModule.ycm', 'Create Main Banner'),
(1369, 'labels', 'The image dimensions are 1558x900px'),
(1370, 'theme__labels', 'About Image alt'),
(1371, 'theme__labels', 'Section Title'),
(1372, 'theme__labels', 'Section Subtitle'),
(1373, 'theme__labels', 'Tab1 Label'),
(1374, 'theme__labels', 'Tab2 Label'),
(1375, 'theme__labels', 'Tab2 Link'),
(1376, 'theme__labels', 'Tab3 Text'),
(1377, 'theme__labels', 'Tab3 Link'),
(1378, 'theme__labels', 'About Image'),
(1379, 'YcmModule.ycm', 'Create About Information'),
(1380, 'labels', 'The image dimensions are 806x834px'),
(1381, 'theme__labels', 'Exhibition filter label'),
(1382, 'theme__labels', 'Section1 Title'),
(1383, 'theme__labels', 'Section1 Subtitle'),
(1384, 'theme__labels', 'Section1 Long Description'),
(1385, 'YcmModule.ycm', 'Create Exhibition section1'),
(1386, 'theme__labels', 'Section2 Title'),
(1387, 'theme__labels', 'Section2 Subtitle'),
(1388, 'theme__labels', 'Section2 Long Description'),
(1389, 'YcmModule.ycm', 'Create Exhibition section2'),
(1390, 'theme__labels', 'Phone title'),
(1391, 'theme__labels', 'Email title'),
(1392, 'theme__labels', 'Text'),
(1393, 'YcmModule.ycm', 'Create General Info'),
(1394, 'labels', 'The image dimensions are 816x768px'),
(1395, 'YcmModule.ycm', 'Create Artwork Main Section'),
(1396, 'theme__labels', 'Tab1 Text'),
(1397, 'theme__labels', 'Tab2 Text'),
(1398, 'YcmModule.ycm', 'Create Artwork Top Filter'),
(1399, 'labels', 'High'),
(1400, 'labels', 'Medium'),
(1401, 'labels', 'Low'),
(1402, 'theme__labels', 'Artwork Listing Image alt'),
(1403, 'theme__labels', 'Artwork Zoom Image alt'),
(1404, 'theme__labels', 'Show Order'),
(1405, 'theme__labels', 'Short description 2'),
(1406, 'theme__labels', 'Dimension description text'),
(1407, 'theme__labels', 'Author name'),
(1408, 'theme__labels', 'Popup Button Label'),
(1409, 'theme__labels', 'Popup Button Link'),
(1410, 'theme__labels', 'Country'),
(1411, 'theme__labels', 'Art Technique'),
(1412, 'theme__labels', 'Artwork Listing Image');
INSERT INTO `sourcemessage` (`id`, `category`, `message`) VALUES
(1413, 'theme__labels', 'Artwork Zoom Image'),
(1414, 'YcmModule.ycm', 'Create Artwork Gallery'),
(1415, 'labels', 'The image dimensions are 561x274px'),
(1416, 'labels', 'MEXICO'),
(1417, 'labels', 'UNITED STATES'),
(1418, 'labels', 'CUBA'),
(1419, 'labels', 'HAND PAPER CUT'),
(1420, 'labels', 'WOOD DRAFT'),
(1421, 'labels', 'MIX TECHNIQUE'),
(1422, 'theme__labels', 'Catalog Menu Label'),
(1423, 'theme__labels', 'Useful Links Menu Label'),
(1424, 'theme__labels', 'Resume Menu Label'),
(1425, 'theme__labels', 'Catalog File'),
(1426, 'theme__labels', 'Catalog File Name'),
(1427, 'YcmModule.ycm', 'Create Useful links'),
(1428, 'theme__labels', 'Facebook link'),
(1429, 'theme__labels', 'Twitter link'),
(1430, 'theme__labels', 'Google link'),
(1431, 'theme__labels', 'Linkedin'),
(1432, 'theme__labels', 'Instagram'),
(1433, 'YcmModule.ycm', 'Create Catalogs'),
(1434, 'theme__labels', 'Link Label'),
(1435, 'theme__labels', 'Upload Resume pdf file'),
(1436, 'YcmModule.ycm', 'Create Resume Document'),
(1437, 'theme__labels', 'Copy Right Company Name'),
(1438, 'theme__labels', 'Source code'),
(1439, 'labels', 'Company Information'),
(1440, 'theme__labels', 'Office Name'),
(1441, 'theme__labels', 'Address'),
(1442, 'theme__labels', 'Company Logo alt'),
(1443, 'theme__labels', 'Second Phone'),
(1444, 'theme__labels', 'Fax'),
(1445, 'theme__labels', 'Company Logo'),
(1446, 'YcmModule.ycm', 'Create Company Information'),
(1447, 'theme__models', 'companyinfo'),
(1448, 'YcmModule.ycm', 'Edit '),
(1449, 'YcmModule.ycm', 'Edit Company Information'),
(1450, 'theme__models', 'generalheaderinformation'),
(1451, 'YcmModule.ycm', 'Edit General Header Information'),
(1452, 'YcmModule.ycm', 'Create Menu texts'),
(1453, 'YcmModule.ycm', 'Create Footer menu texts'),
(1454, 'labels', 'Error, had been an error saving item.'),
(1455, 'theme__models', 'footerusefullinks'),
(1456, 'YcmModule.ycm', 'Edit Useful links'),
(1457, 'YcmModule.ycm', 'Create Copy Right Information'),
(1458, 'theme__models', 'footercopyright'),
(1459, 'YcmModule.ycm', 'Edit Copy Right Information'),
(1460, 'YcmModule.ycm', 'Create Social media'),
(1461, 'theme__labels', 'home text'),
(1462, 'theme__models', 'mainnavegationmenu'),
(1463, 'YcmModule.ycm', 'Edit Menu texts'),
(1464, 'theme__models', 'artworkgallery'),
(1465, 'YcmModule.ycm', 'Edit Artwork Gallery'),
(1466, 'YcmModule.ycm', 'Create Artwork Bottom Filter'),
(1467, 'theme__models', 'homepage'),
(1468, 'YcmModule.ycm', 'Edit Main Banner'),
(1469, 'theme__models', 'artworktopfilter'),
(1470, 'YcmModule.ycm', 'Edit Artwork Top Filter'),
(1471, 'labels', 'Artworks Gallery'),
(1472, 'sideMenu', 'Artworks Gallery');

-- --------------------------------------------------------

--
-- Table structure for table `url_rule`
--

CREATE TABLE IF NOT EXISTS `url_rule` (
  `id` int(11) NOT NULL AUTO_INCREMENT,
  `route` varchar(1023) DEFAULT NULL,
  `caseSensitive` tinyint(1) NOT NULL,
  `str_params` text,
  `urlSuffix` varchar(255) DEFAULT NULL,
  `defaultParams` text,
  `matchValue` tinyint(1) NOT NULL,
  `verb` varchar(255) DEFAULT NULL,
  `parsingOnly` tinyint(1) NOT NULL,
  `references` text,
  `routePattern` varchar(1023) DEFAULT NULL,
  `template` varchar(1023) DEFAULT NULL,
  `append` tinyint(1) NOT NULL,
  `hasHostInfo` tinyint(1) NOT NULL,
  `order` int(11) DEFAULT NULL COMMENT '@order',
  `seo_url_id` int(11) DEFAULT NULL,
  PRIMARY KEY (`id`),
  KEY `FKurl_rule873122` (`seo_url_id`)
) ENGINE=InnoDB  DEFAULT CHARSET=latin1 AUTO_INCREMENT=7 ;

--
-- Dumping data for table `url_rule`
--

INSERT INTO `url_rule` (`id`, `route`, `caseSensitive`, `str_params`, `urlSuffix`, `defaultParams`, `matchValue`, `verb`, `parsingOnly`, `references`, `routePattern`, `template`, `append`, `hasHostInfo`, `order`, `seo_url_id`) VALUES
(2, 'frontend/default/home', 0, NULL, NULL, NULL, 0, NULL, 0, NULL, NULL, NULL, 0, 0, 1, 3),
(3, '/frontend/about/about', 0, NULL, NULL, NULL, 0, NULL, 0, NULL, NULL, NULL, 0, 0, 2, 4),
(4, '/frontend/exhibition/exhibition', 0, NULL, NULL, NULL, 0, NULL, 0, NULL, NULL, NULL, 0, 0, 3, 5),
(5, '/frontend/artwork/artwork', 0, NULL, NULL, NULL, 0, NULL, 0, NULL, NULL, NULL, 0, 0, 4, 6),
(6, '/frontend/contact/contact', 0, NULL, NULL, NULL, 0, NULL, 0, NULL, NULL, NULL, 0, 0, 5, 7);

-- --------------------------------------------------------

--
-- Table structure for table `users`
--

CREATE TABLE IF NOT EXISTS `users` (
  `id` int(11) NOT NULL AUTO_INCREMENT,
  `username` varchar(20) NOT NULL,
  `password` varchar(128) NOT NULL,
  `email` varchar(128) NOT NULL,
  `activkey` varchar(128) NOT NULL DEFAULT '',
  `createtime` int(10) NOT NULL DEFAULT '0',
  `lastvisit` int(10) NOT NULL DEFAULT '0',
  `superuser` int(1) NOT NULL DEFAULT '0',
  `status` int(1) NOT NULL DEFAULT '0',
  PRIMARY KEY (`id`),
  UNIQUE KEY `username` (`username`),
  UNIQUE KEY `email` (`email`),
  KEY `status` (`status`),
  KEY `superuser` (`superuser`)
) ENGINE=InnoDB  DEFAULT CHARSET=utf8 AUTO_INCREMENT=43 ;

--
-- Dumping data for table `users`
--

INSERT INTO `users` (`id`, `username`, `password`, `email`, `activkey`, `createtime`, `lastvisit`, `superuser`, `status`) VALUES
(1, 'admin', '21232f297a57a5a743894a0e4a801fc3', 'webmaster@ireevo.com', '9a24eff8c15a6a141ece27eb6947da0f', 1261146094, 1380542420, 1, 1),
(2, 'demo', 'fe01ce2a7fbac8fafaed7c982a04e229', 'demo@example.com', '099f825543f7850cc038b90aaff39fac', 1261146096, 0, 0, 1),
(14, 'pablomo', '76a2173be6393254e72ffa4d6df1030a', 'pablomo@ireevo.com', 'a61873bf9974392e40b36f9019d777fd', 1397841802, 0, 0, 1),
(28, 'mrcalvo12', '325f4de318e27b192d76684b57a3d390', 'mrcalvo@example.local', '62303f7fab3bc2af54eceb691c06661c', 1399084416, 0, 0, 1),
(39, 'customer', '91ec1f9324753048c0096d036a694f86', 'customer@email.com', '74218237f46d99bbe9691e59cb2ae5d8', 1399482637, 0, 0, 1),
(42, 'jabad', '8af4d0c48b853a9be25ecab668db1f32', 'jabad@example.local', '323819177649ce479bde787ba5911220', 1400641238, 0, 0, 1);

-- --------------------------------------------------------

--
-- Table structure for table `user_oauth`
--

CREATE TABLE IF NOT EXISTS `user_oauth` (
  `user_id` int(11) NOT NULL,
  `provider` varchar(45) NOT NULL,
  `identifier` varchar(64) NOT NULL,
  `profile_cache` text,
  `session_data` text,
  PRIMARY KEY (`provider`,`identifier`),
  UNIQUE KEY `unic_user_id_name` (`user_id`,`provider`),
  KEY `oauth_user_id` (`user_id`)
) ENGINE=InnoDB DEFAULT CHARSET=utf8;

--
-- Constraints for dumped tables
--

--
-- Constraints for table `authassignment`
--
ALTER TABLE `authassignment`
  ADD CONSTRAINT `authassignment_ibfk_1` FOREIGN KEY (`itemname`) REFERENCES `authitem` (`name`) ON DELETE CASCADE ON UPDATE CASCADE;

--
-- Constraints for table `authitemchild`
--
ALTER TABLE `authitemchild`
  ADD CONSTRAINT `authitemchild_ibfk_1` FOREIGN KEY (`parent`) REFERENCES `authitem` (`name`) ON DELETE CASCADE ON UPDATE CASCADE,
  ADD CONSTRAINT `authitemchild_ibfk_2` FOREIGN KEY (`child`) REFERENCES `authitem` (`name`) ON DELETE CASCADE ON UPDATE CASCADE;

--
-- Constraints for table `message`
--
ALTER TABLE `message`
  ADD CONSTRAINT `FKmessage767068` FOREIGN KEY (`id`) REFERENCES `sourcemessage` (`id`);

--
-- Constraints for table `profiles`
--
ALTER TABLE `profiles`
  ADD CONSTRAINT `profiles_ibfk_1` FOREIGN KEY (`user_id`) REFERENCES `users` (`id`) ON DELETE CASCADE;

--
-- Constraints for table `seo_meta`
--
ALTER TABLE `seo_meta`
  ADD CONSTRAINT `seo_meta_ibfk_1` FOREIGN KEY (`seo_url_id`) REFERENCES `seo_url` (`id`) ON DELETE CASCADE ON UPDATE CASCADE;

--
-- Constraints for table `url_rule`
--
ALTER TABLE `url_rule`
  ADD CONSTRAINT `FKurl_rule873122` FOREIGN KEY (`seo_url_id`) REFERENCES `seo_url` (`id`);

/*!40101 SET CHARACTER_SET_CLIENT=@OLD_CHARACTER_SET_CLIENT */;
/*!40101 SET CHARACTER_SET_RESULTS=@OLD_CHARACTER_SET_RESULTS */;
/*!40101 SET COLLATION_CONNECTION=@OLD_COLLATION_CONNECTION */;